Warn about uninitialized values.
-- The CXX compiler identification is GNU 15.2.0
-- The C compiler identification is GNU 15.2.0
-- Detecting CXX compiler ABI info
-- Detecting CXX compiler ABI info - done
-- Check for working CXX compiler: C:/Users/crisc/AppData/Local/Microsoft/WinGet/Packages/BrechtSanders.WinLibs.POSIX.UCRT_Microsoft.Winget.Source_8wekyb3d8bbwe/mingw64/bin/c++.exe - skipped
-- Detecting CXX compile features
-- Detecting CXX compile features - done
-- Detecting C compiler ABI info
-- Detecting C compiler ABI info - done
-- Check for working C compiler: C:/Users/crisc/AppData/Local/Microsoft/WinGet/Packages/BrechtSanders.WinLibs.POSIX.UCRT_Microsoft.Winget.Source_8wekyb3d8bbwe/mingw64/bin/gcc.exe - skipped
-- Detecting C compile features
-- Detecting C compile features - done
-- Using default output directory D:/data/nar/third_party/ns-3-dev/build
-- Performing Test GCC_WORKING_PEDANTIC_SEMICOLON
-- Performing Test GCC_WORKING_PEDANTIC_SEMICOLON - Success
-- CCache is enabled.
-- Proceeding without cmake-format
-- Found Git: C:/Program Files/Git/mingw64/bin/git.exe (found version "2.45.2.windows.1")
CMake Warning (dev) at build-support/macros-and-definitions.cmake:850 (find_package):
  Policy CMP0167 is not set: The FindBoost module is removed.  Run "cmake
  --help-policy CMP0167" for policy details.  Use the cmake_policy command to
  set the policy and suppress this warning.

Call Stack (most recent call first):
  CMakeLists.txt:149 (process_options)
This warning is for project developers.  Use -Wno-dev to suppress it.

-- Could NOT find Boost (missing: Boost_INCLUDE_DIR) 
-- docs: doxygen documentation not enabled due to missing dependencies: dot dia
-- Failed to locate sphinx-build executable (missing: SPHINX_EXECUTABLE) 
-- docs: sphinx documentation not enabled due to missing dependencies: Sphinx dia
-- Performing Test HAVE_UINT128_T
-- Performing Test HAVE_UINT128_T - Failed
-- Performing Test HAVE___UINT128_T
-- Performing Test HAVE___UINT128_T - Success
-- Looking for stdint.h
-- Looking for stdint.h - found
-- Looking for inttypes.h
-- Looking for inttypes.h - found
-- Looking for sys/types.h
-- Looking for sys/types.h - found
-- Looking for sys/stat.h
-- Looking for sys/stat.h - found
-- Looking for dirent.h
-- Looking for dirent.h - found
-- Looking for stdlib.h
-- Looking for stdlib.h - found
-- Looking for signal.h
-- Looking for signal.h - found
-- Looking for netpacket/packet.h
-- Looking for netpacket/packet.h - not found
-- Looking for getenv
-- Looking for getenv - found
-- Platform doesn't support TAP and EMU features. Continuing without them.
-- Processing contrib/auto-cc
CMake Warning (dev) at build-support/custom-modules/ns3-module-macros.cmake:538 (build_exec):
  uninitialized variable 'BLIB_LIBNAME'
Call Stack (most recent call first):
  contrib/auto-cc/CMakeLists.txt:14 (build_lib_example)
This warning is for project developers.  Use -Wno-dev to suppress it.

CMake Warning (dev) at build-support/custom-modules/ns3-module-macros.cmake:538 (build_exec):
  uninitialized variable 'lib'
Call Stack (most recent call first):
  contrib/auto-cc/CMakeLists.txt:14 (build_lib_example)
This warning is for project developers.  Use -Wno-dev to suppress it.

-- Processing src/antenna
-- Performing Test HAVE_STD_BESSEL_FUNC
-- Performing Test HAVE_STD_BESSEL_FUNC - Success
-- Standard library Bessel function has been found
-- Processing src/aodv
-- Processing src/applications
-- Processing src/bridge
-- Processing src/brite
-- Skipping src/brite
-- Processing src/buildings
-- Processing src/click
-- Skipping src/click
-- Processing src/config-store
-- Processing src/core
-- Looking for include files boost/units/quantity.hpp, boost/units/systems/si.hpp
-- Looking for include files boost/units/quantity.hpp, boost/units/systems/si.hpp - not found
-- Boost Units are an optional feature of length.cc.  Ubuntu ships it within the libboost-dev package.  You may need to clean up the CMake cache after installing it to pass this check.
-- Processing src/csma
-- Processing src/csma-layout
-- Processing src/dsdv
-- Processing src/dsr
-- Processing src/energy
-- Processing src/flow-monitor
-- Processing src/internet
-- Processing src/internet-apps
-- Processing src/lr-wpan
-- Processing src/lte
-- Processing src/mesh
-- Processing src/mobility
-- Processing src/netanim
-- Processing src/network
-- Processing src/nix-vector-routing
-- Processing src/olsr
-- Processing src/openflow
-- Skipping src/openflow
-- Processing src/point-to-point
-- Processing src/point-to-point-layout
-- Processing src/propagation
-- Processing src/sixlowpan
-- Processing src/spectrum
-- Processing src/stats
-- Processing src/topology-read
-- Processing src/traffic-control
-- Processing src/uan
-- Processing src/virtual-net-device
-- Processing src/wifi
-- Processing src/wimax
-- ---- Summary of ns-3 settings:
Build profile                 : default
Build directory               : D:/data/nar/third_party/ns-3-dev/build
Build with runtime asserts    : ON
Build with runtime logging    : ON
Build version embedding       : OFF (not requested)
BRITE Integration             : OFF (Missing headers: "Brite.h" and missing libraries: "brite")
DES Metrics event collection  : OFF (not requested)
DPDK NetDevice                : OFF (not requested)
Emulation FdNetDevice         : OFF (not requested)
Examples                      : ON
File descriptor NetDevice     : OFF (missing dependency)
GNU Scientific Library (GSL)  : OFF (GSL was not found)
GtkConfigStore                : OFF (Harfbuzz is required by GTK3 and was not found)
LibXml2 support               : OFF (LibXML2 was not found)
MPI Support                   : OFF (not requested)
ns-3 Click Integration        : OFF (Missing headers: "simclick.h" and missing libraries: "nsclick click")
ns-3 OpenFlow Integration     : OFF (Missing headers: "openflow.h" and missing libraries: "openflow")
Netmap emulation FdNetDevice  : OFF (not requested)
PyViz visualizer              : OFF (Python Bindings are disabled)
Python Bindings               : OFF (not requested)
SQLite support                : OFF (Missing headers: "sqlite3.h" and missing libraries: "sqlite3")
Eigen3 support                : OFF (Eigen was not found)
Tap Bridge                    : OFF (not requested)
Tap FdNetDevice               : OFF (not requested)
Tests                         : OFF (not requested)


Modules configured to be built:
antenna                   aodv                      applications              
auto-cc                   bridge                    buildings                 
config-store              core                      csma                      
csma-layout               dsdv                      dsr                       
energy                    flow-monitor              internet                  
internet-apps             lr-wpan                   lte                       
mesh                      mobility                  netanim                   
network                   nix-vector-routing        olsr                      
point-to-point            point-to-point-layout     propagation               
sixlowpan                 spectrum                  stats                     
topology-read             traffic-control           uan                       
virtual-net-device        wifi                      wimax                     


Modules that cannot be built:
brite                     click                     fd-net-device             
mpi                       openflow                  tap-bridge                
test                      visualizer                


-- Configuring done (16.3s)
-- Generating done (3.9s)
-- Build files have been written to: D:/data/nar/third_party/ns-3-dev/cmake-cache
Finished executing the following commands:
mkdir cmake-cache
C:\Users\crisc\AppData\Local\Microsoft\WinGet\Packages\BrechtSanders.WinLibs.POSIX.UCRT_Microsoft.Winget.Source_8wekyb3d8bbwe\mingw64\bin\cmake -S D:\data\nar\third_party\ns-3-dev -B D:\data\nar\third_party\ns-3-dev\cmake-cache -DCMAKE_BUILD_TYPE=default -DNS3_ASSERT=ON -DNS3_LOG=ON -DNS3_WARNINGS_AS_ERRORS=OFF -DNS3_NATIVE_OPTIMIZATIONS=OFF -DNS3_EXAMPLES=ON -DNS3_PYTHON_BINDINGS=OFF -G Ninja --warn-uninitialized
[0/2] Re-checking globbed directories...
[1/1504] Building CXX object src/core/CMakeFiles/libcore-obj.dir/model/event-impl.cc.obj
[2/1504] Building CXX object src/core/CMakeFiles/libcore-obj.dir/model/int64x64-128.cc.obj
[3/1504] Building CXX object src/core/CMakeFiles/libcore-obj.dir/model/example-as-test.cc.obj
[4/1504] Building CXX object src/core/CMakeFiles/libcore-obj.dir/model/scheduler.cc.obj
[5/1504] Building CXX object src/core/CMakeFiles/libcore-obj.dir/helper/random-variable-stream-helper.cc.obj
[6/1504] Building CXX object src/core/CMakeFiles/libcore-obj.dir/model/list-scheduler.cc.obj
[7/1504] Building CXX object src/core/CMakeFiles/libcore-obj.dir/helper/event-garbage-collector.cc.obj
[8/1504] Building CXX object src/core/CMakeFiles/libcore-obj.dir/model/simulator-impl.cc.obj
[9/1504] Building CXX object src/core/CMakeFiles/libcore-obj.dir/model/event-id.cc.obj
[10/1504] Building CXX object src/core/CMakeFiles/libcore-obj.dir/model/map-scheduler.cc.obj
[11/1504] Building CXX object src/core/CMakeFiles/libcore-obj.dir/model/priority-queue-scheduler.cc.obj
[12/1504] Building CXX object src/core/CMakeFiles/libcore-obj.dir/model/heap-scheduler.cc.obj
[13/1504] Building CXX object src/core/CMakeFiles/libcore-obj.dir/model/timer.cc.obj
[14/1504] Building CXX object src/core/CMakeFiles/libcore-obj.dir/model/calendar-scheduler.cc.obj
[15/1504] Building CXX object src/core/CMakeFiles/libcore-obj.dir/helper/csv-reader.cc.obj
[16/1504] Building CXX object src/core/CMakeFiles/libcore-obj.dir/model/time.cc.obj
[17/1504] Building CXX object src/core/CMakeFiles/libcore-obj.dir/model/simulator.cc.obj
[18/1504] Building CXX object src/core/CMakeFiles/libcore-obj.dir/model/default-simulator-impl.cc.obj
[19/1504] Building CXX object src/core/CMakeFiles/libcore-obj.dir/model/breakpoint.cc.obj
[20/1504] Building CXX object src/core/CMakeFiles/libcore-obj.dir/model/attribute-construction-list.cc.obj
[21/1504] Building CXX object src/core/CMakeFiles/libcore-obj.dir/model/synchronizer.cc.obj
[22/1504] Building CXX object src/core/CMakeFiles/libcore-obj.dir/model/environment-variable.cc.obj
[23/1504] Building CXX object src/core/CMakeFiles/libcore-obj.dir/model/watchdog.cc.obj
[24/1504] Building CXX object src/core/CMakeFiles/libcore-obj.dir/model/rng-stream.cc.obj
[25/1504] Building CXX object src/core/CMakeFiles/libcore-obj.dir/model/rng-seed-manager.cc.obj
[26/1504] Building CXX object src/core/CMakeFiles/libcore-obj.dir/model/attribute.cc.obj
[27/1504] Building CXX object src/core/CMakeFiles/libcore-obj.dir/model/integer.cc.obj
[28/1504] Building CXX object src/core/CMakeFiles/libcore-obj.dir/model/log.cc.obj
[29/1504] Building CXX object src/core/CMakeFiles/libcore-obj.dir/model/boolean.cc.obj
[30/1504] Building CXX object src/core/CMakeFiles/libcore-obj.dir/model/object.cc.obj
[31/1504] Building CXX object src/core/CMakeFiles/libcore-obj.dir/model/win32-fd-reader.cc.obj
[32/1504] Building CXX object src/core/CMakeFiles/libcore-obj.dir/model/uinteger.cc.obj
[33/1504] Building CXX object src/core/CMakeFiles/libcore-obj.dir/model/double.cc.obj
[34/1504] Building CXX object src/core/CMakeFiles/libcore-obj.dir/model/object-base.cc.obj
[35/1504] Building CXX object src/core/CMakeFiles/libcore-obj.dir/model/string.cc.obj
[36/1504] Building CXX object src/core/CMakeFiles/libcore-obj.dir/model/int64x64.cc.obj
[37/1504] Building CXX object src/core/CMakeFiles/libcore-obj.dir/model/test.cc.obj
[38/1504] Building CXX object src/core/CMakeFiles/libcore-obj.dir/model/pointer.cc.obj
[39/1504] Building CXX object src/core/CMakeFiles/libcore-obj.dir/model/trace-source-accessor.cc.obj
[40/1504] Building CXX object src/core/CMakeFiles/libcore-obj.dir/model/global-value.cc.obj
[41/1504] Building CXX object src/core/CMakeFiles/libcore-obj.dir/model/object-ptr-container.cc.obj
[42/1504] Building CXX object src/core/CMakeFiles/libcore-obj.dir/model/fatal-impl.cc.obj
[43/1504] Building CXX object src/core/CMakeFiles/libcore-obj.dir/model/object-factory.cc.obj
[44/1504] Building CXX object src/core/CMakeFiles/libcore-obj.dir/model/callback.cc.obj
[45/1504] Building CXX object src/core/CMakeFiles/libcore-obj.dir/model/type-id.cc.obj
[46/1504] Building CXX object src/core/CMakeFiles/libcore-obj.dir/model/hash-function.cc.obj
[47/1504] Building CXX object src/core/CMakeFiles/libcore-obj.dir/model/hash.cc.obj
[48/1504] Building CXX object src/core/CMakeFiles/libcore-obj.dir/model/hash-murmur3.cc.obj
[49/1504] Building CXX object src/core/CMakeFiles/libcore-obj.dir/model/vector.cc.obj
[50/1504] Building CXX object src/core/CMakeFiles/libcore-obj.dir/model/hash-fnv.cc.obj
[51/1504] Building CXX object src/core/CMakeFiles/libcore-obj.dir/model/ascii-file.cc.obj
[52/1504] Building CXX object src/core/CMakeFiles/libcore-obj.dir/model/system-wall-clock-timestamp.cc.obj
[53/1504] Building CXX object src/core/CMakeFiles/libcore-obj.dir/model/command-line.cc.obj
[54/1504] Building CXX object src/core/CMakeFiles/libcore-obj.dir/model/names.cc.obj
[55/1504] Building CXX object src/core/CMakeFiles/libcore-obj.dir/model/des-metrics.cc.obj
[56/1504] Building CXX object src/core/CMakeFiles/libcore-obj.dir/model/node-printer.cc.obj
[57/1504] Building CXX object src/core/CMakeFiles/libcore-obj.dir/model/time-printer.cc.obj
[58/1504] Building CXX object src/core/CMakeFiles/libcore-obj.dir/model/show-progress.cc.obj
[59/1504] Building CXX object src/core/CMakeFiles/libcore-obj.dir/model/random-variable-stream.cc.obj
[60/1504] Building CXX object src/core/CMakeFiles/libcore-obj.dir/model/system-wall-clock-ms.cc.obj
[61/1504] Building CXX object src/core/CMakeFiles/libcore-obj.dir/model/config.cc.obj
[62/1504] Building CXX object src/core/CMakeFiles/libcore-obj.dir/model/trickle-timer.cc.obj
[63/1504] Building CXX object src/stats/CMakeFiles/libstats-obj.dir/model/basic-data-calculators.cc.obj
[64/1504] Building CXX object src/stats/CMakeFiles/libstats-obj.dir/model/data-collection-object.cc.obj
[65/1504] Building CXX object src/stats/CMakeFiles/libstats-obj.dir/model/data-output-interface.cc.obj
[66/1504] Building CXX object src/stats/CMakeFiles/libstats-obj.dir/model/get-wildcard-matches.cc.obj
[67/1504] Building CXX object src/stats/CMakeFiles/libstats-obj.dir/model/data-calculator.cc.obj
[68/1504] Building CXX object src/core/CMakeFiles/libcore-obj.dir/model/length.cc.obj
[69/1504] Building CXX object src/core/CMakeFiles/libcore-obj.dir/model/wall-clock-synchronizer.cc.obj
[70/1504] Building CXX object src/stats/CMakeFiles/libstats-obj.dir/model/data-collector.cc.obj
[71/1504] Building CXX object src/core/CMakeFiles/libcore-obj.dir/model/realtime-simulator-impl.cc.obj
[72/1504] Building CXX object src/core/CMakeFiles/libcore-obj.dir/model/matrix-array.cc.obj
[73/1504] Building CXX object src/stats/CMakeFiles/libstats-obj.dir/model/boolean-probe.cc.obj
[74/1504] Building CXX object src/stats/CMakeFiles/libstats-obj.dir/model/file-aggregator.cc.obj
[75/1504] Building CXX object src/stats/CMakeFiles/libstats-obj.dir/model/gnuplot.cc.obj
[76/1504] Building CXX object src/stats/CMakeFiles/libstats-obj.dir/model/gnuplot-aggregator.cc.obj
[77/1504] Building CXX object src/stats/CMakeFiles/libstats-obj.dir/model/histogram.cc.obj
[78/1504] Building CXX object src/stats/CMakeFiles/libstats-obj.dir/model/double-probe.cc.obj
[79/1504] Building CXX object src/stats/CMakeFiles/libstats-obj.dir/model/probe.cc.obj
[80/1504] Building CXX object src/stats/CMakeFiles/libstats-obj.dir/helper/gnuplot-helper.cc.obj
[81/1504] Building CXX object src/stats/CMakeFiles/libstats-obj.dir/model/time-data-calculators.cc.obj
[82/1504] Building CXX object src/stats/CMakeFiles/libstats-obj.dir/model/omnet-data-output.cc.obj
[83/1504] Building CXX object src/stats/CMakeFiles/libstats-obj.dir/helper/file-helper.cc.obj
[84/1504] Building CXX object src/antenna/CMakeFiles/libantenna-obj.dir/model/angles.cc.obj
[85/1504] Building CXX object src/antenna/CMakeFiles/libantenna-obj.dir/model/antenna-model.cc.obj
[86/1504] Building CXX object src/antenna/CMakeFiles/libantenna-obj.dir/model/circular-aperture-antenna-model.cc.obj
[87/1504] Building CXX object src/antenna/CMakeFiles/libantenna-obj.dir/model/cosine-antenna-model.cc.obj
[88/1504] Building CXX object src/antenna/CMakeFiles/libantenna-obj.dir/model/isotropic-antenna-model.cc.obj
[89/1504] Building CXX object src/stats/CMakeFiles/libstats-obj.dir/model/time-series-adaptor.cc.obj
[90/1504] Building CXX object src/antenna/CMakeFiles/libantenna-obj.dir/model/parabolic-antenna-model.cc.obj
[91/1504] Building CXX object src/antenna/CMakeFiles/libantenna-obj.dir/model/three-gpp-antenna-model.cc.obj
[92/1504] Building CXX object src/stats/CMakeFiles/libstats-obj.dir/model/time-probe.cc.obj
[93/1504] Building CXX object src/core/CMakeFiles/libcore-obj.dir/model/system-path.cc.obj
[94/1504] Building CXX object src/stats/CMakeFiles/libstats-obj.dir/model/uinteger-16-probe.cc.obj
[95/1504] Building CXX object src/antenna/CMakeFiles/libantenna-obj.dir/model/phased-array-model.cc.obj
[96/1504] Building CXX object src/stats/CMakeFiles/libstats-obj.dir/model/uinteger-8-probe.cc.obj
[97/1504] Building CXX object src/stats/CMakeFiles/libstats-obj.dir/model/uinteger-32-probe.cc.obj
[98/1504] Building CXX object src/network/CMakeFiles/libnetwork-obj.dir/helper/delay-jitter-estimation.cc.obj
[99/1504] Building CXX object src/network/CMakeFiles/libnetwork-obj.dir/helper/net-device-container.cc.obj
[100/1504] Building CXX object src/network/CMakeFiles/libnetwork-obj.dir/helper/application-container.cc.obj
[101/1504] Building CXX object src/network/CMakeFiles/libnetwork-obj.dir/helper/application-helper.cc.obj
[102/1504] Building CXX object src/network/CMakeFiles/libnetwork-obj.dir/helper/packet-socket-helper.cc.obj
[103/1504] Building CXX object src/network/CMakeFiles/libnetwork-obj.dir/helper/node-container.cc.obj
[104/1504] Linking CXX shared library D:\data\nar\third_party\ns-3-dev\build\lib\libns3.42-core-default.dll
[105/1504] Building CXX object src/antenna/CMakeFiles/libantenna-obj.dir/model/uniform-planar-array.cc.obj
[106/1504] Building CXX object src/network/CMakeFiles/libnetwork-obj.dir/model/address.cc.obj
[107/1504] Building CXX object src/network/CMakeFiles/libnetwork-obj.dir/model/byte-tag-list.cc.obj
[108/1504] Building CXX object src/network/CMakeFiles/libnetwork-obj.dir/model/chunk.cc.obj
[109/1504] Building CXX object src/network/CMakeFiles/libnetwork-obj.dir/model/application.cc.obj
[110/1504] Building CXX object src/network/CMakeFiles/libnetwork-obj.dir/model/header.cc.obj
[111/1504] Building CXX object src/network/CMakeFiles/libnetwork-obj.dir/model/net-device.cc.obj
[112/1504] Building CXX object src/network/CMakeFiles/libnetwork-obj.dir/model/channel.cc.obj
[113/1504] Building CXX object src/network/CMakeFiles/libnetwork-obj.dir/model/buffer.cc.obj
[114/1504] Building CXX object src/network/CMakeFiles/libnetwork-obj.dir/helper/trace-helper.cc.obj
[115/1504] Building CXX object src/network/CMakeFiles/libnetwork-obj.dir/model/channel-list.cc.obj
[116/1504] Building CXX object src/network/CMakeFiles/libnetwork-obj.dir/model/socket-factory.cc.obj
[117/1504] Building CXX object src/network/CMakeFiles/libnetwork-obj.dir/model/nix-vector.cc.obj
[118/1504] Building CXX object src/network/CMakeFiles/libnetwork-obj.dir/utils/crc32.cc.obj
[119/1504] Building CXX object src/network/CMakeFiles/libnetwork-obj.dir/model/packet-tag-list.cc.obj
[120/1504] Building CXX object src/network/CMakeFiles/libnetwork-obj.dir/helper/simple-net-device-helper.cc.obj
[121/1504] Building CXX object src/network/CMakeFiles/libnetwork-obj.dir/model/tag-buffer.cc.obj
[122/1504] Building CXX object src/network/CMakeFiles/libnetwork-obj.dir/model/tag.cc.obj
[123/1504] Building CXX object src/network/CMakeFiles/libnetwork-obj.dir/utils/bit-deserializer.cc.obj
[124/1504] Building CXX object src/network/CMakeFiles/libnetwork-obj.dir/model/node-list.cc.obj
[125/1504] Building CXX object src/network/CMakeFiles/libnetwork-obj.dir/model/trailer.cc.obj
[126/1504] Building CXX object src/network/CMakeFiles/libnetwork-obj.dir/utils/address-utils.cc.obj
[127/1504] Building CXX object src/network/CMakeFiles/libnetwork-obj.dir/utils/bit-serializer.cc.obj
[128/1504] Building CXX object src/network/CMakeFiles/libnetwork-obj.dir/model/packet.cc.obj
[129/1504] Building CXX object src/network/CMakeFiles/libnetwork-obj.dir/model/packet-metadata.cc.obj
[130/1504] Building CXX object src/network/CMakeFiles/libnetwork-obj.dir/model/socket.cc.obj
[131/1504] Building CXX object src/network/CMakeFiles/libnetwork-obj.dir/utils/data-rate.cc.obj
[132/1504] Building CXX object src/network/CMakeFiles/libnetwork-obj.dir/utils/ethernet-header.cc.obj
[133/1504] Building CXX object src/network/CMakeFiles/libnetwork-obj.dir/utils/inet-socket-address.cc.obj
[134/1504] Building CXX object src/network/CMakeFiles/libnetwork-obj.dir/utils/ethernet-trailer.cc.obj
[135/1504] Building CXX object src/network/CMakeFiles/libnetwork-obj.dir/utils/flow-id-tag.cc.obj
[136/1504] Building CXX object src/network/CMakeFiles/libnetwork-obj.dir/utils/inet6-socket-address.cc.obj
[137/1504] Building CXX object src/network/CMakeFiles/libnetwork-obj.dir/utils/drop-tail-queue.cc.obj
[138/1504] Building CXX object src/network/CMakeFiles/libnetwork-obj.dir/utils/error-channel.cc.obj
[139/1504] Building CXX object src/network/CMakeFiles/libnetwork-obj.dir/model/node.cc.obj
[140/1504] Building CXX object src/network/CMakeFiles/libnetwork-obj.dir/utils/llc-snap-header.cc.obj
[141/1504] Building CXX object src/network/CMakeFiles/libnetwork-obj.dir/utils/mac8-address.cc.obj
[142/1504] Building CXX object src/network/CMakeFiles/libnetwork-obj.dir/utils/mac16-address.cc.obj
[143/1504] Building CXX object src/network/CMakeFiles/libnetwork-obj.dir/utils/dynamic-queue-limits.cc.obj
[144/1504] Building CXX object src/network/CMakeFiles/libnetwork-obj.dir/utils/mac48-address.cc.obj
[145/1504] Building CXX object src/network/CMakeFiles/libnetwork-obj.dir/utils/mac64-address.cc.obj
[146/1504] Building CXX object src/network/CMakeFiles/libnetwork-obj.dir/utils/output-stream-wrapper.cc.obj
[147/1504] Building CXX object src/network/CMakeFiles/libnetwork-obj.dir/utils/error-model.cc.obj
[148/1504] Building CXX object src/network/CMakeFiles/libnetwork-obj.dir/utils/packet-burst.cc.obj
[149/1504] Building CXX object src/network/CMakeFiles/libnetwork-obj.dir/utils/packet-socket-address.cc.obj
[150/1504] Building CXX object src/network/CMakeFiles/libnetwork-obj.dir/utils/packet-data-calculators.cc.obj
[151/1504] Building CXX object src/network/CMakeFiles/libnetwork-obj.dir/utils/net-device-queue-interface.cc.obj
[152/1504] Building CXX object src/network/CMakeFiles/libnetwork-obj.dir/utils/packet-socket-factory.cc.obj
[153/1504] Building CXX object src/network/CMakeFiles/libnetwork-obj.dir/utils/ipv4-address.cc.obj
[154/1504] Linking CXX shared library D:\data\nar\third_party\ns-3-dev\build\lib\libns3.42-stats-default.dll
[155/1504] Building CXX object src/network/CMakeFiles/libnetwork-obj.dir/utils/queue-limits.cc.obj
[156/1504] Linking CXX shared library D:\data\nar\third_party\ns-3-dev\build\lib\libns3.42-antenna-default.dll
[157/1504] Building CXX object src/network/CMakeFiles/libnetwork-obj.dir/utils/queue-size.cc.obj
[158/1504] Building CXX object src/network/CMakeFiles/libnetwork-obj.dir/utils/queue-item.cc.obj
[159/1504] Building CXX object src/network/CMakeFiles/libnetwork-obj.dir/utils/ipv6-address.cc.obj
[160/1504] Building CXX object src/network/CMakeFiles/libnetwork-obj.dir/utils/pcap-file.cc.obj
[161/1504] Building CXX object src/network/CMakeFiles/libnetwork-obj.dir/utils/pcap-file-wrapper.cc.obj
[162/1504] Building CXX object src/network/CMakeFiles/libnetwork-obj.dir/utils/packet-socket-server.cc.obj
[163/1504] Building CXX object src/network/CMakeFiles/libnetwork-obj.dir/utils/packet-probe.cc.obj
[164/1504] Building CXX object src/network/CMakeFiles/libnetwork-obj.dir/utils/packet-socket-client.cc.obj
[165/1504] Building CXX object src/network/CMakeFiles/libnetwork-obj.dir/utils/timestamp-tag.cc.obj
[166/1504] Building CXX object src/network/CMakeFiles/libnetwork-obj.dir/utils/sll-header.cc.obj
[167/1504] Building CXX object src/network/CMakeFiles/libnetwork-obj.dir/utils/radiotap-header.cc.obj
[168/1504] Building CXX object src/network/CMakeFiles/libnetwork-obj.dir/utils/packet-socket.cc.obj
[169/1504] Building CXX object src/network/CMakeFiles/libnetwork-obj.dir/utils/simple-channel.cc.obj
[170/1504] Building CXX object src/mobility/CMakeFiles/libmobility-obj.dir/model/constant-position-mobility-model.cc.obj
[171/1504] Building CXX object src/mobility/CMakeFiles/libmobility-obj.dir/helper/group-mobility-helper.cc.obj
[172/1504] Building CXX object src/mobility/CMakeFiles/libmobility-obj.dir/model/box.cc.obj
[173/1504] Building CXX object src/mobility/CMakeFiles/libmobility-obj.dir/model/constant-acceleration-mobility-model.cc.obj
[174/1504] Building CXX object src/mobility/CMakeFiles/libmobility-obj.dir/model/constant-velocity-mobility-model.cc.obj
[175/1504] Building CXX object src/mobility/CMakeFiles/libmobility-obj.dir/model/constant-velocity-helper.cc.obj
[176/1504] Building CXX object src/mobility/CMakeFiles/libmobility-obj.dir/model/geographic-positions.cc.obj
[177/1504] Building CXX object src/mobility/CMakeFiles/libmobility-obj.dir/model/geocentric-constant-position-mobility-model.cc.obj
[178/1504] Building CXX object src/mobility/CMakeFiles/libmobility-obj.dir/model/gauss-markov-mobility-model.cc.obj
[179/1504] Building CXX object src/mobility/CMakeFiles/libmobility-obj.dir/helper/mobility-helper.cc.obj
[180/1504] Building CXX object src/mobility/CMakeFiles/libmobility-obj.dir/model/hierarchical-mobility-model.cc.obj
[181/1504] Building CXX object src/network/CMakeFiles/libnetwork-obj.dir/utils/simple-net-device.cc.obj
[182/1504] Building CXX object src/mobility/CMakeFiles/libmobility-obj.dir/model/mobility-model.cc.obj
[183/1504] Building CXX object src/mobility/CMakeFiles/libmobility-obj.dir/model/rectangle.cc.obj
[184/1504] Building CXX object src/network/CMakeFiles/libnetwork-obj.dir/utils/queue.cc.obj
[185/1504] Building CXX object src/mobility/CMakeFiles/libmobility-obj.dir/model/waypoint.cc.obj
[186/1504] Building CXX object src/mobility/CMakeFiles/libmobility-obj.dir/helper/ns2-mobility-helper.cc.obj
[187/1504] Building CXX object src/mobility/CMakeFiles/libmobility-obj.dir/model/random-direction-2d-mobility-model.cc.obj
[188/1504] Building CXX object src/mobility/CMakeFiles/libmobility-obj.dir/model/random-waypoint-mobility-model.cc.obj
[189/1504] Building CXX object src/mobility/CMakeFiles/libmobility-obj.dir/model/waypoint-mobility-model.cc.obj
[190/1504] Building CXX object src/network/CMakeFiles/libnetwork-obj.dir/utils/packetbb.cc.obj
[191/1504] Building CXX object src/bridge/CMakeFiles/libbridge-obj.dir/helper/bridge-helper.cc.obj
[192/1504] Building CXX object src/bridge/CMakeFiles/libbridge-obj.dir/model/bridge-channel.cc.obj
[193/1504] Building CXX object src/mobility/CMakeFiles/libmobility-obj.dir/model/steady-state-random-waypoint-mobility-model.cc.obj
[194/1504] Building CXX object src/mobility/CMakeFiles/libmobility-obj.dir/model/random-walk-2d-mobility-model.cc.obj
[195/1504] Building CXX object src/mobility/CMakeFiles/libmobility-obj.dir/model/position-allocator.cc.obj
[196/1504] Building CXX object src/propagation/CMakeFiles/libpropagation-obj.dir/model/cost231-propagation-loss-model.cc.obj
[197/1504] Linking CXX shared library D:\data\nar\third_party\ns-3-dev\build\lib\libns3.42-network-default.dll
[198/1504] Building CXX object src/propagation/CMakeFiles/libpropagation-obj.dir/model/jakes-process.cc.obj
[199/1504] Building CXX object src/propagation/CMakeFiles/libpropagation-obj.dir/model/kun-2600-mhz-propagation-loss-model.cc.obj
[200/1504] Building CXX object src/propagation/CMakeFiles/libpropagation-obj.dir/model/itu-r-1411-los-propagation-loss-model.cc.obj
[201/1504] Building CXX object src/propagation/CMakeFiles/libpropagation-obj.dir/model/jakes-propagation-loss-model.cc.obj
[202/1504] Linking CXX shared library D:\data\nar\third_party\ns-3-dev\build\lib\libns3.42-mobility-default.dll
[203/1504] Building CXX object src/propagation/CMakeFiles/libpropagation-obj.dir/model/propagation-delay-model.cc.obj
[204/1504] Building CXX object src/traffic-control/CMakeFiles/libtraffic-control-obj.dir/helper/queue-disc-container.cc.obj
[205/1504] Building CXX object src/propagation/CMakeFiles/libpropagation-obj.dir/model/probabilistic-v2v-channel-condition-model.cc.obj
[206/1504] Building CXX object src/propagation/CMakeFiles/libpropagation-obj.dir/model/itu-r-1411-nlos-over-rooftop-propagation-loss-model.cc.obj
[207/1504] Building CXX object src/propagation/CMakeFiles/libpropagation-obj.dir/model/channel-condition-model.cc.obj
[208/1504] Building CXX object src/bridge/CMakeFiles/libbridge-obj.dir/model/bridge-net-device.cc.obj
[209/1504] Building CXX object src/propagation/CMakeFiles/libpropagation-obj.dir/model/three-gpp-v2v-propagation-loss-model.cc.obj
[210/1504] Building CXX object src/propagation/CMakeFiles/libpropagation-obj.dir/model/okumura-hata-propagation-loss-model.cc.obj
[211/1504] Linking CXX shared library D:\data\nar\third_party\ns-3-dev\build\lib\libns3.42-bridge-default.dll
[212/1504] Building CXX object src/traffic-control/CMakeFiles/libtraffic-control-obj.dir/model/fifo-queue-disc.cc.obj
[213/1504] Building CXX object src/traffic-control/CMakeFiles/libtraffic-control-obj.dir/helper/traffic-control-helper.cc.obj
[214/1504] Building CXX object src/propagation/CMakeFiles/libpropagation-obj.dir/model/propagation-loss-model.cc.obj
[215/1504] Building CXX object src/traffic-control/CMakeFiles/libtraffic-control-obj.dir/model/mq-queue-disc.cc.obj
[216/1504] Building CXX object src/traffic-control/CMakeFiles/libtraffic-control-obj.dir/model/packet-filter.cc.obj
[217/1504] Building CXX object src/traffic-control/CMakeFiles/libtraffic-control-obj.dir/model/pfifo-fast-queue-disc.cc.obj
[218/1504] Building CXX object src/energy/CMakeFiles/libenergy-obj.dir/helper/basic-energy-harvester-helper.cc.obj
[219/1504] Building CXX object src/traffic-control/CMakeFiles/libtraffic-control-obj.dir/model/prio-queue-disc.cc.obj
[220/1504] Building CXX object src/traffic-control/CMakeFiles/libtraffic-control-obj.dir/model/fq-codel-queue-disc.cc.obj
[221/1504] Building CXX object src/traffic-control/CMakeFiles/libtraffic-control-obj.dir/model/fq-pie-queue-disc.cc.obj
[222/1504] Building CXX object src/energy/CMakeFiles/libenergy-obj.dir/helper/basic-energy-source-helper.cc.obj
[223/1504] Building CXX object src/traffic-control/CMakeFiles/libtraffic-control-obj.dir/model/cobalt-queue-disc.cc.obj
[224/1504] Building CXX object src/traffic-control/CMakeFiles/libtraffic-control-obj.dir/model/fq-cobalt-queue-disc.cc.obj
[225/1504] Building CXX object src/traffic-control/CMakeFiles/libtraffic-control-obj.dir/model/codel-queue-disc.cc.obj
[226/1504] Building CXX object src/energy/CMakeFiles/libenergy-obj.dir/helper/energy-harvester-helper.cc.obj
[227/1504] Building CXX object src/propagation/CMakeFiles/libpropagation-obj.dir/model/three-gpp-propagation-loss-model.cc.obj
[228/1504] Building CXX object src/energy/CMakeFiles/libenergy-obj.dir/helper/energy-harvester-container.cc.obj
[229/1504] Building CXX object src/energy/CMakeFiles/libenergy-obj.dir/helper/energy-model-helper.cc.obj
[230/1504] Building CXX object src/traffic-control/CMakeFiles/libtraffic-control-obj.dir/model/pie-queue-disc.cc.obj
[231/1504] Building CXX object src/energy/CMakeFiles/libenergy-obj.dir/helper/energy-source-container.cc.obj
[232/1504] Building CXX object src/energy/CMakeFiles/libenergy-obj.dir/helper/li-ion-energy-source-helper.cc.obj
[233/1504] Building CXX object src/traffic-control/CMakeFiles/libtraffic-control-obj.dir/model/red-queue-disc.cc.obj
[234/1504] Building CXX object src/traffic-control/CMakeFiles/libtraffic-control-obj.dir/model/tbf-queue-disc.cc.obj
[235/1504] Building CXX object src/energy/CMakeFiles/libenergy-obj.dir/helper/rv-battery-model-helper.cc.obj
[236/1504] Building CXX object src/energy/CMakeFiles/libenergy-obj.dir/model/device-energy-model.cc.obj
[237/1504] Building CXX object src/energy/CMakeFiles/libenergy-obj.dir/helper/generic-battery-model-helper.cc.obj
[238/1504] Building CXX object src/traffic-control/CMakeFiles/libtraffic-control-obj.dir/model/traffic-control-layer.cc.obj
[239/1504] Building CXX object src/energy/CMakeFiles/libenergy-obj.dir/model/energy-harvester.cc.obj
[240/1504] Building CXX object src/energy/CMakeFiles/libenergy-obj.dir/model/device-energy-model-container.cc.obj
[241/1504] Building CXX object src/energy/CMakeFiles/libenergy-obj.dir/model/energy-source.cc.obj
[242/1504] Building CXX object src/internet/CMakeFiles/libinternet-obj.dir/helper/ipv4-interface-container.cc.obj
[243/1504] Building CXX object src/internet/CMakeFiles/libinternet-obj.dir/helper/ipv4-global-routing-helper.cc.obj
[244/1504] Building CXX object src/energy/CMakeFiles/libenergy-obj.dir/model/basic-energy-harvester.cc.obj
[245/1504] Building CXX object src/energy/CMakeFiles/libenergy-obj.dir/model/basic-energy-source.cc.obj
[246/1504] Building CXX object src/internet/CMakeFiles/libinternet-obj.dir/helper/ipv4-list-routing-helper.cc.obj
[247/1504] Building CXX object src/internet/CMakeFiles/libinternet-obj.dir/helper/internet-trace-helper.cc.obj
[248/1504] Building CXX object src/energy/CMakeFiles/libenergy-obj.dir/model/simple-device-energy-model.cc.obj
[249/1504] Building CXX object src/internet/CMakeFiles/libinternet-obj.dir/helper/ipv4-address-helper.cc.obj
[250/1504] Building CXX object src/energy/CMakeFiles/libenergy-obj.dir/model/li-ion-energy-source.cc.obj
[251/1504] Building CXX object src/internet/CMakeFiles/libinternet-obj.dir/helper/ipv4-routing-helper.cc.obj
[252/1504] Building CXX object src/internet/CMakeFiles/libinternet-obj.dir/helper/ipv6-list-routing-helper.cc.obj
[253/1504] Building CXX object src/internet/CMakeFiles/libinternet-obj.dir/helper/ipv4-static-routing-helper.cc.obj
[254/1504] Building CXX object src/energy/CMakeFiles/libenergy-obj.dir/model/generic-battery-model.cc.obj
[255/1504] Building CXX object src/internet/CMakeFiles/libinternet-obj.dir/helper/ipv6-interface-container.cc.obj
[256/1504] Building CXX object src/internet/CMakeFiles/libinternet-obj.dir/helper/ipv6-address-helper.cc.obj
[257/1504] Building CXX object src/internet/CMakeFiles/libinternet-obj.dir/helper/ipv6-routing-helper.cc.obj
[258/1504] Building CXX object src/energy/CMakeFiles/libenergy-obj.dir/model/rv-battery-model.cc.obj
[259/1504] Building CXX object src/traffic-control/CMakeFiles/libtraffic-control-obj.dir/model/queue-disc.cc.obj
[260/1504] Building CXX object src/internet/CMakeFiles/libinternet-obj.dir/helper/ipv6-static-routing-helper.cc.obj
[261/1504] Building CXX object src/internet/CMakeFiles/libinternet-obj.dir/model/arp-header.cc.obj
[262/1504] Building CXX object src/internet/CMakeFiles/libinternet-obj.dir/model/arp-queue-disc-item.cc.obj
[263/1504] Building CXX object src/internet/CMakeFiles/libinternet-obj.dir/model/global-route-manager.cc.obj
[264/1504] Building CXX object src/internet/CMakeFiles/libinternet-obj.dir/model/candidate-queue.cc.obj
[265/1504] Building CXX object src/internet/CMakeFiles/libinternet-obj.dir/helper/ripng-helper.cc.obj
[266/1504] Building CXX object src/internet/CMakeFiles/libinternet-obj.dir/helper/rip-helper.cc.obj
[267/1504] Building CXX object src/internet/CMakeFiles/libinternet-obj.dir/model/ip-l4-protocol.cc.obj
[268/1504] Building CXX object src/internet/CMakeFiles/libinternet-obj.dir/model/icmpv4.cc.obj
[269/1504] Building CXX object src/internet/CMakeFiles/libinternet-obj.dir/helper/neighbor-cache-helper.cc.obj
[270/1504] Building CXX object src/internet/CMakeFiles/libinternet-obj.dir/model/ipv4-address-generator.cc.obj
[271/1504] Building CXX object src/internet/CMakeFiles/libinternet-obj.dir/model/icmpv4-l4-protocol.cc.obj
[272/1504] Building CXX object src/internet/CMakeFiles/libinternet-obj.dir/model/ipv4-interface-address.cc.obj
[273/1504] Building CXX object src/internet/CMakeFiles/libinternet-obj.dir/model/ipv4-end-point.cc.obj
[274/1504] Building CXX object src/internet/CMakeFiles/libinternet-obj.dir/model/ipv4-end-point-demux.cc.obj
[275/1504] Building CXX object src/internet/CMakeFiles/libinternet-obj.dir/model/arp-cache.cc.obj
[276/1504] Building CXX object src/internet/CMakeFiles/libinternet-obj.dir/model/ipv4-header.cc.obj
[277/1504] Building CXX object src/internet/CMakeFiles/libinternet-obj.dir/model/ipv4-packet-info-tag.cc.obj
[278/1504] Building CXX object src/internet/CMakeFiles/libinternet-obj.dir/model/ipv4-packet-filter.cc.obj
[279/1504] Building CXX object src/internet/CMakeFiles/libinternet-obj.dir/model/arp-l3-protocol.cc.obj
[280/1504] Building CXX object src/internet/CMakeFiles/libinternet-obj.dir/model/ipv4-global-routing.cc.obj
[281/1504] Building CXX object src/internet/CMakeFiles/libinternet-obj.dir/model/ipv4-raw-socket-factory.cc.obj
[282/1504] Building CXX object src/internet/CMakeFiles/libinternet-obj.dir/model/ipv4-list-routing.cc.obj
[283/1504] Building CXX object src/internet/CMakeFiles/libinternet-obj.dir/model/global-route-manager-impl.cc.obj
[284/1504] Building CXX object src/internet/CMakeFiles/libinternet-obj.dir/model/ipv4-interface.cc.obj
[285/1504] Building CXX object src/internet/CMakeFiles/libinternet-obj.dir/model/ipv4-raw-socket-factory-impl.cc.obj
[286/1504] Building CXX object src/internet/CMakeFiles/libinternet-obj.dir/model/global-router-interface.cc.obj
[287/1504] Building CXX object src/internet/CMakeFiles/libinternet-obj.dir/model/icmpv6-header.cc.obj
[288/1504] Building CXX object src/internet/CMakeFiles/libinternet-obj.dir/model/ipv4-queue-disc-item.cc.obj
[289/1504] Building CXX object src/internet/CMakeFiles/libinternet-obj.dir/helper/internet-stack-helper.cc.obj
[290/1504] Building CXX object src/internet/CMakeFiles/libinternet-obj.dir/model/ipv4-route.cc.obj
[291/1504] Building CXX object src/internet/CMakeFiles/libinternet-obj.dir/model/ipv4-routing-protocol.cc.obj
[292/1504] Building CXX object src/internet/CMakeFiles/libinternet-obj.dir/model/ipv4.cc.obj
[293/1504] Building CXX object src/internet/CMakeFiles/libinternet-obj.dir/model/ipv4-routing-table-entry.cc.obj
[294/1504] Building CXX object src/internet/CMakeFiles/libinternet-obj.dir/model/ipv4-packet-probe.cc.obj
[295/1504] Building CXX object src/internet/CMakeFiles/libinternet-obj.dir/model/ipv6-interface-address.cc.obj
[296/1504] Building CXX object src/internet/CMakeFiles/libinternet-obj.dir/model/ipv6-header.cc.obj
[297/1504] Building CXX object src/internet/CMakeFiles/libinternet-obj.dir/model/ipv6-autoconfigured-prefix.cc.obj
[298/1504] Building CXX object src/internet/CMakeFiles/libinternet-obj.dir/model/ipv6-end-point.cc.obj
[299/1504] Building CXX object src/internet/CMakeFiles/libinternet-obj.dir/model/ipv6-end-point-demux.cc.obj
[300/1504] Building CXX object src/internet/CMakeFiles/libinternet-obj.dir/model/ipv6-address-generator.cc.obj
[301/1504] Building CXX object src/internet/CMakeFiles/libinternet-obj.dir/model/icmpv6-l4-protocol.cc.obj
[302/1504] Building CXX object src/internet/CMakeFiles/libinternet-obj.dir/model/ipv6-extension-header.cc.obj
[303/1504] Building CXX object src/internet/CMakeFiles/libinternet-obj.dir/model/ipv6-extension-demux.cc.obj
[304/1504] Building CXX object src/internet/CMakeFiles/libinternet-obj.dir/model/ipv6-option-header.cc.obj
[305/1504] Building CXX object src/internet/CMakeFiles/libinternet-obj.dir/model/ipv6-option-demux.cc.obj
[306/1504] Building CXX object src/internet/CMakeFiles/libinternet-obj.dir/model/ipv6-list-routing.cc.obj
[307/1504] Building CXX object src/internet/CMakeFiles/libinternet-obj.dir/model/ipv4-static-routing.cc.obj
[308/1504] Building CXX object src/internet/CMakeFiles/libinternet-obj.dir/model/ipv4-raw-socket-impl.cc.obj
[309/1504] Building CXX object src/internet/CMakeFiles/libinternet-obj.dir/model/ipv6-packet-info-tag.cc.obj
[310/1504] Building CXX object src/internet/CMakeFiles/libinternet-obj.dir/model/ipv6-packet-filter.cc.obj
[311/1504] Building CXX object src/internet/CMakeFiles/libinternet-obj.dir/model/ipv6-raw-socket-factory.cc.obj
[312/1504] Building CXX object src/internet/CMakeFiles/libinternet-obj.dir/model/ipv6-interface.cc.obj
[313/1504] Building CXX object src/internet/CMakeFiles/libinternet-obj.dir/model/ipv6-option.cc.obj
[314/1504] Building CXX object src/internet/CMakeFiles/libinternet-obj.dir/model/ipv6-raw-socket-factory-impl.cc.obj
[315/1504] Building CXX object src/internet/CMakeFiles/libinternet-obj.dir/model/ipv6-queue-disc-item.cc.obj
[316/1504] Building CXX object src/internet/CMakeFiles/libinternet-obj.dir/model/ipv6-route.cc.obj
[317/1504] Building CXX object src/internet/CMakeFiles/libinternet-obj.dir/model/ipv6-pmtu-cache.cc.obj
[318/1504] Building CXX object src/internet/CMakeFiles/libinternet-obj.dir/model/ipv6-routing-table-entry.cc.obj
[319/1504] Building CXX object src/internet/CMakeFiles/libinternet-obj.dir/model/ipv6-extension.cc.obj
[320/1504] Building CXX object src/internet/CMakeFiles/libinternet-obj.dir/model/ipv6-routing-protocol.cc.obj
[321/1504] Building CXX object src/internet/CMakeFiles/libinternet-obj.dir/model/ipv6.cc.obj
[322/1504] Building CXX object src/internet/CMakeFiles/libinternet-obj.dir/model/loopback-net-device.cc.obj
[323/1504] Building CXX object src/internet/CMakeFiles/libinternet-obj.dir/model/rip-header.cc.obj
[324/1504] Building CXX object src/internet/CMakeFiles/libinternet-obj.dir/model/ipv6-packet-probe.cc.obj
[325/1504] Building CXX object src/internet/CMakeFiles/libinternet-obj.dir/model/ripng-header.cc.obj
[326/1504] Building CXX object src/internet/CMakeFiles/libinternet-obj.dir/model/rtt-estimator.cc.obj
[327/1504] Building CXX object src/internet/CMakeFiles/libinternet-obj.dir/model/tcp-congestion-ops.cc.obj
[328/1504] Building CXX object src/internet/CMakeFiles/libinternet-obj.dir/model/tcp-bic.cc.obj
[329/1504] Building CXX object src/internet/CMakeFiles/libinternet-obj.dir/model/ipv6-static-routing.cc.obj
[330/1504] Building CXX object src/internet/CMakeFiles/libinternet-obj.dir/model/tcp-header.cc.obj
[331/1504] Building CXX object src/internet/CMakeFiles/libinternet-obj.dir/model/ndisc-cache.cc.obj
[332/1504] Building CXX object src/internet/CMakeFiles/libinternet-obj.dir/model/tcp-highspeed.cc.obj
[333/1504] Building CXX object src/internet/CMakeFiles/libinternet-obj.dir/model/ipv6-raw-socket-impl.cc.obj
[334/1504] Building CXX object src/internet/CMakeFiles/libinternet-obj.dir/model/ipv4-l3-protocol.cc.obj
[335/1504] Building CXX object src/internet/CMakeFiles/libinternet-obj.dir/model/tcp-bbr.cc.obj
[336/1504] Building CXX object src/internet/CMakeFiles/libinternet-obj.dir/model/tcp-htcp.cc.obj
[337/1504] Building CXX object src/internet/CMakeFiles/libinternet-obj.dir/model/tcp-dctcp.cc.obj
[338/1504] Building CXX object src/internet/CMakeFiles/libinternet-obj.dir/model/tcp-cubic.cc.obj
[339/1504] Building CXX object src/internet/CMakeFiles/libinternet-obj.dir/model/tcp-illinois.cc.obj
[340/1504] Building CXX object src/internet/CMakeFiles/libinternet-obj.dir/model/tcp-option-sack-permitted.cc.obj
[341/1504] Building CXX object src/internet/CMakeFiles/libinternet-obj.dir/model/tcp-hybla.cc.obj
[342/1504] Building CXX object src/internet/CMakeFiles/libinternet-obj.dir/model/tcp-option-rfc793.cc.obj
[343/1504] Building CXX object src/internet/CMakeFiles/libinternet-obj.dir/model/tcp-option-winscale.cc.obj
[344/1504] Building CXX object src/internet/CMakeFiles/libinternet-obj.dir/model/tcp-option-ts.cc.obj
[345/1504] Building CXX object src/internet/CMakeFiles/libinternet-obj.dir/model/tcp-linux-reno.cc.obj
[346/1504] Building CXX object src/internet/CMakeFiles/libinternet-obj.dir/model/tcp-option-sack.cc.obj
[347/1504] Building CXX object src/internet/CMakeFiles/libinternet-obj.dir/model/tcp-lp.cc.obj
[348/1504] Building CXX object src/internet/CMakeFiles/libinternet-obj.dir/model/tcp-ledbat.cc.obj
[349/1504] Building CXX object src/internet/CMakeFiles/libinternet-obj.dir/model/tcp-option.cc.obj
[350/1504] Building CXX object src/internet/CMakeFiles/libinternet-obj.dir/model/tcp-socket-factory-impl.cc.obj
[351/1504] Building CXX object src/internet/CMakeFiles/libinternet-obj.dir/model/tcp-socket-factory.cc.obj
[352/1504] Building CXX object src/internet/CMakeFiles/libinternet-obj.dir/model/ripng.cc.obj
[353/1504] Building CXX object src/internet/CMakeFiles/libinternet-obj.dir/model/rip.cc.obj
[354/1504] Building CXX object src/internet/CMakeFiles/libinternet-obj.dir/model/ipv6-l3-protocol.cc.obj
[355/1504] Building CXX object src/internet/CMakeFiles/libinternet-obj.dir/model/tcp-recovery-ops.cc.obj
[356/1504] Building CXX object src/internet/CMakeFiles/libinternet-obj.dir/model/tcp-prr-recovery.cc.obj
[357/1504] Building CXX object src/internet/CMakeFiles/libinternet-obj.dir/model/tcp-scalable.cc.obj
[358/1504] Building CXX object src/internet/CMakeFiles/libinternet-obj.dir/model/tcp-tx-item.cc.obj
[359/1504] Linking CXX shared library D:\data\nar\third_party\ns-3-dev\build\lib\libns3.42-propagation-default.dll
[360/1504] Building CXX object src/internet/CMakeFiles/libinternet-obj.dir/model/tcp-socket.cc.obj
[361/1504] Building CXX object src/internet/CMakeFiles/libinternet-obj.dir/model/tcp-rate-ops.cc.obj
[362/1504] Building CXX object src/internet/CMakeFiles/libinternet-obj.dir/model/tcp-rx-buffer.cc.obj
[363/1504] Building CXX object src/internet/CMakeFiles/libinternet-obj.dir/model/tcp-l4-protocol.cc.obj
[364/1504] Building CXX object src/internet/CMakeFiles/libinternet-obj.dir/model/udp-socket-factory-impl.cc.obj
[365/1504] Building CXX object src/internet/CMakeFiles/libinternet-obj.dir/model/udp-header.cc.obj
[366/1504] Building CXX object src/internet/CMakeFiles/libinternet-obj.dir/model/udp-socket-factory.cc.obj
[367/1504] Building CXX object src/internet/CMakeFiles/libinternet-obj.dir/model/tcp-veno.cc.obj
[368/1504] Building CXX object src/internet/CMakeFiles/libinternet-obj.dir/model/tcp-vegas.cc.obj
[369/1504] Building CXX object src/internet/CMakeFiles/libinternet-obj.dir/model/udp-socket.cc.obj
[370/1504] Building CXX object src/internet/CMakeFiles/libinternet-obj.dir/model/tcp-yeah.cc.obj
[371/1504] Building CXX object src/internet/CMakeFiles/libinternet-obj.dir/model/tcp-westwood-plus.cc.obj
[372/1504] Building CXX object src/spectrum/CMakeFiles/libspectrum-obj.dir/model/aloha-noack-mac-header.cc.obj
[373/1504] Building CXX object src/spectrum/CMakeFiles/libspectrum-obj.dir/model/ism-spectrum-value-helper.cc.obj
[374/1504] Building CXX object src/internet/CMakeFiles/libinternet-obj.dir/model/tcp-socket-state.cc.obj
[375/1504] Building CXX object src/spectrum/CMakeFiles/libspectrum-obj.dir/helper/spectrum-helper.cc.obj
[376/1504] Building CXX object src/spectrum/CMakeFiles/libspectrum-obj.dir/model/friis-spectrum-propagation-loss.cc.obj
[377/1504] Building CXX object src/internet/CMakeFiles/libinternet-obj.dir/model/tcp-tx-buffer.cc.obj
[378/1504] Building CXX object src/spectrum/CMakeFiles/libspectrum-obj.dir/model/constant-spectrum-propagation-loss.cc.obj
[379/1504] Building CXX object src/spectrum/CMakeFiles/libspectrum-obj.dir/model/half-duplex-ideal-phy-signal-parameters.cc.obj
[380/1504] Building CXX object src/internet/CMakeFiles/libinternet-obj.dir/model/udp-l4-protocol.cc.obj
[381/1504] Building CXX object src/spectrum/CMakeFiles/libspectrum-obj.dir/helper/waveform-generator-helper.cc.obj
[382/1504] Building CXX object src/spectrum/CMakeFiles/libspectrum-obj.dir/helper/tv-spectrum-transmitter-helper.cc.obj
[383/1504] Building CXX object src/spectrum/CMakeFiles/libspectrum-obj.dir/model/matrix-based-channel-model.cc.obj
[384/1504] Building CXX object src/spectrum/CMakeFiles/libspectrum-obj.dir/model/microwave-oven-spectrum-value-helper.cc.obj
[385/1504] Building CXX object src/spectrum/CMakeFiles/libspectrum-obj.dir/helper/adhoc-aloha-noack-ideal-phy-helper.cc.obj
[386/1504] Building CXX object src/spectrum/CMakeFiles/libspectrum-obj.dir/helper/spectrum-analyzer-helper.cc.obj
[387/1504] Building CXX object src/spectrum/CMakeFiles/libspectrum-obj.dir/model/spectrum-model-300kHz-300GHz-log.cc.obj
[388/1504] Building CXX object src/spectrum/CMakeFiles/libspectrum-obj.dir/model/spectrum-converter.cc.obj
[389/1504] Building CXX object src/spectrum/CMakeFiles/libspectrum-obj.dir/model/spectrum-model-ism2400MHz-res1MHz.cc.obj
[390/1504] Building CXX object src/spectrum/CMakeFiles/libspectrum-obj.dir/model/non-communicating-net-device.cc.obj
[391/1504] Building CXX object src/spectrum/CMakeFiles/libspectrum-obj.dir/model/half-duplex-ideal-phy.cc.obj
[392/1504] Building CXX object src/spectrum/CMakeFiles/libspectrum-obj.dir/model/spectrum-error-model.cc.obj
[393/1504] Building CXX object src/spectrum/CMakeFiles/libspectrum-obj.dir/model/spectrum-model.cc.obj
[394/1504] Building CXX object src/spectrum/CMakeFiles/libspectrum-obj.dir/model/aloha-noack-net-device.cc.obj
[395/1504] Building CXX object src/spectrum/CMakeFiles/libspectrum-obj.dir/model/spectrum-interference.cc.obj
[396/1504] Building CXX object src/internet/CMakeFiles/libinternet-obj.dir/model/udp-socket-impl.cc.obj
[397/1504] Building CXX object src/spectrum/CMakeFiles/libspectrum-obj.dir/model/single-model-spectrum-channel.cc.obj
[398/1504] Building CXX object src/spectrum/CMakeFiles/libspectrum-obj.dir/model/spectrum-phy.cc.obj
[399/1504] Building CXX object src/spectrum/CMakeFiles/libspectrum-obj.dir/model/spectrum-transmit-filter.cc.obj
[400/1504] Building CXX object src/spectrum/CMakeFiles/libspectrum-obj.dir/model/spectrum-propagation-loss-model.cc.obj
[401/1504] Linking CXX shared library D:\data\nar\third_party\ns-3-dev\build\lib\libns3.42-traffic-control-default.dll
[402/1504] Building CXX object src/spectrum/CMakeFiles/libspectrum-obj.dir/model/two-ray-spectrum-propagation-loss-model.cc.obj
[403/1504] Building CXX object src/spectrum/CMakeFiles/libspectrum-obj.dir/model/spectrum-analyzer.cc.obj
[404/1504] Building CXX object src/spectrum/CMakeFiles/libspectrum-obj.dir/model/multi-model-spectrum-channel.cc.obj
[405/1504] Building CXX object src/spectrum/CMakeFiles/libspectrum-obj.dir/model/phased-array-spectrum-propagation-loss-model.cc.obj
[406/1504] Building CXX object src/spectrum/CMakeFiles/libspectrum-obj.dir/model/spectrum-signal-parameters.cc.obj
[407/1504] Building CXX object src/spectrum/CMakeFiles/libspectrum-obj.dir/model/spectrum-value.cc.obj
[408/1504] Building CXX object src/spectrum/CMakeFiles/libspectrum-obj.dir/model/spectrum-channel.cc.obj
[409/1504] Building CXX object src/applications/CMakeFiles/libapplications-obj.dir/helper/bulk-send-helper.cc.obj
[410/1504] Building CXX object src/applications/CMakeFiles/libapplications-obj.dir/helper/on-off-helper.cc.obj
[411/1504] Building CXX object src/applications/CMakeFiles/libapplications-obj.dir/helper/packet-sink-helper.cc.obj
[412/1504] Building CXX object src/applications/CMakeFiles/libapplications-obj.dir/helper/three-gpp-http-helper.cc.obj
[413/1504] Building CXX object src/applications/CMakeFiles/libapplications-obj.dir/helper/udp-client-server-helper.cc.obj
[414/1504] Building CXX object src/applications/CMakeFiles/libapplications-obj.dir/helper/udp-echo-helper.cc.obj
[415/1504] Building CXX object src/applications/CMakeFiles/libapplications-obj.dir/model/packet-loss-counter.cc.obj
[416/1504] Building CXX object src/spectrum/CMakeFiles/libspectrum-obj.dir/model/trace-fading-loss-model.cc.obj
[417/1504] Building CXX object src/spectrum/CMakeFiles/libspectrum-obj.dir/model/waveform-generator.cc.obj
[418/1504] Building CXX object src/spectrum/CMakeFiles/libspectrum-obj.dir/model/three-gpp-spectrum-propagation-loss-model.cc.obj
[419/1504] Building CXX object src/spectrum/CMakeFiles/libspectrum-obj.dir/model/tv-spectrum-transmitter.cc.obj
[420/1504] Building CXX object src/applications/CMakeFiles/libapplications-obj.dir/model/seq-ts-echo-header.cc.obj
[421/1504] Building CXX object src/applications/CMakeFiles/libapplications-obj.dir/model/seq-ts-header.cc.obj
[422/1504] Building CXX object src/applications/CMakeFiles/libapplications-obj.dir/model/seq-ts-size-header.cc.obj
[423/1504] Building CXX object src/applications/CMakeFiles/libapplications-obj.dir/model/three-gpp-http-header.cc.obj
[424/1504] Building CXX object src/applications/CMakeFiles/libapplications-obj.dir/model/application-packet-probe.cc.obj
[425/1504] Building CXX object src/applications/CMakeFiles/libapplications-obj.dir/model/three-gpp-http-variables.cc.obj
[426/1504] Building CXX object src/buildings/CMakeFiles/libbuildings-obj.dir/helper/building-container.cc.obj
[427/1504] Building CXX object src/applications/CMakeFiles/libapplications-obj.dir/model/bulk-send-application.cc.obj
[428/1504] Building CXX object src/buildings/CMakeFiles/libbuildings-obj.dir/helper/buildings-helper.cc.obj
[429/1504] Building CXX object src/buildings/CMakeFiles/libbuildings-obj.dir/helper/building-allocator.cc.obj
[430/1504] Building CXX object src/applications/CMakeFiles/libapplications-obj.dir/model/packet-sink.cc.obj
[431/1504] Building CXX object src/applications/CMakeFiles/libapplications-obj.dir/model/udp-trace-client.cc.obj
[432/1504] Building CXX object src/applications/CMakeFiles/libapplications-obj.dir/model/udp-client.cc.obj
[433/1504] Building CXX object src/buildings/CMakeFiles/libbuildings-obj.dir/model/building-list.cc.obj
[434/1504] Building CXX object src/applications/CMakeFiles/libapplications-obj.dir/model/onoff-application.cc.obj
[435/1504] Building CXX object src/buildings/CMakeFiles/libbuildings-obj.dir/helper/building-position-allocator.cc.obj
[436/1504] Building CXX object src/applications/CMakeFiles/libapplications-obj.dir/model/udp-server.cc.obj
[437/1504] Building CXX object src/applications/CMakeFiles/libapplications-obj.dir/model/udp-echo-server.cc.obj
[438/1504] Building CXX object src/buildings/CMakeFiles/libbuildings-obj.dir/model/buildings-channel-condition-model.cc.obj
[439/1504] Building CXX object src/applications/CMakeFiles/libapplications-obj.dir/model/udp-echo-client.cc.obj
[440/1504] Building CXX object src/buildings/CMakeFiles/libbuildings-obj.dir/model/building.cc.obj
[441/1504] Building CXX object src/buildings/CMakeFiles/libbuildings-obj.dir/model/buildings-propagation-loss-model.cc.obj
[442/1504] Building CXX object src/buildings/CMakeFiles/libbuildings-obj.dir/model/itu-r-1238-propagation-loss-model.cc.obj
[443/1504] Building CXX object src/config-store/CMakeFiles/libconfig-store-obj.dir/model/file-config.cc.obj
[444/1504] Building CXX object src/buildings/CMakeFiles/libbuildings-obj.dir/model/oh-buildings-propagation-loss-model.cc.obj
[445/1504] Building CXX object src/config-store/CMakeFiles/libconfig-store-obj.dir/model/attribute-default-iterator.cc.obj
[446/1504] Building CXX object src/buildings/CMakeFiles/libbuildings-obj.dir/model/mobility-building-info.cc.obj
[447/1504] Linking CXX shared library D:\data\nar\third_party\ns-3-dev\build\lib\libns3.42-energy-default.dll
[448/1504] Building CXX object src/buildings/CMakeFiles/libbuildings-obj.dir/model/three-gpp-v2v-channel-condition-model.cc.obj
[449/1504] Building CXX object src/config-store/CMakeFiles/libconfig-store-obj.dir/model/attribute-iterator.cc.obj
[450/1504] Building CXX object src/buildings/CMakeFiles/libbuildings-obj.dir/model/hybrid-buildings-propagation-loss-model.cc.obj
[451/1504] Building CXX object src/csma/CMakeFiles/libcsma-obj.dir/model/backoff.cc.obj
[452/1504] Building CXX object src/config-store/CMakeFiles/libconfig-store-obj.dir/model/raw-text-config.cc.obj
[453/1504] Building CXX object src/applications/CMakeFiles/libapplications-obj.dir/model/three-gpp-http-client.cc.obj
[454/1504] Building CXX object src/point-to-point/CMakeFiles/libpoint-to-point-obj.dir/model/ppp-header.cc.obj
[455/1504] Building CXX object src/config-store/CMakeFiles/libconfig-store-obj.dir/model/config-store.cc.obj
[456/1504] Building CXX object src/spectrum/CMakeFiles/libspectrum-obj.dir/model/three-gpp-channel-model.cc.obj
[457/1504] Building CXX object src/buildings/CMakeFiles/libbuildings-obj.dir/model/random-walk-2d-outdoor-mobility-model.cc.obj
[458/1504] Building CXX object src/csma/CMakeFiles/libcsma-obj.dir/model/csma-channel.cc.obj
[459/1504] Building CXX object src/applications/CMakeFiles/libapplications-obj.dir/model/three-gpp-http-server.cc.obj
[460/1504] Linking CXX shared library D:\data\nar\third_party\ns-3-dev\build\lib\libns3.42-spectrum-default.dll
[461/1504] Building CXX object src/point-to-point/CMakeFiles/libpoint-to-point-obj.dir/model/point-to-point-channel.cc.obj
[462/1504] Building CXX object src/wifi/CMakeFiles/libwifi-obj.dir/model/addba-extension.cc.obj
[463/1504] Building CXX object src/virtual-net-device/CMakeFiles/libvirtual-net-device-obj.dir/model/virtual-net-device.cc.obj
[464/1504] Building CXX object src/wifi/CMakeFiles/libwifi-obj.dir/model/ampdu-subframe-header.cc.obj
[465/1504] Building CXX object src/csma/CMakeFiles/libcsma-obj.dir/helper/csma-helper.cc.obj
[466/1504] Building CXX object src/wifi/CMakeFiles/libwifi-obj.dir/model/ampdu-tag.cc.obj
[467/1504] Building CXX object src/wifi/CMakeFiles/libwifi-obj.dir/helper/wifi-radio-energy-model-helper.cc.obj
[468/1504] Building CXX object src/wifi/CMakeFiles/libwifi-obj.dir/model/amsdu-subframe-header.cc.obj
[469/1504] Building CXX object src/point-to-point/CMakeFiles/libpoint-to-point-obj.dir/model/point-to-point-net-device.cc.obj
[470/1504] Building CXX object src/wifi/CMakeFiles/libwifi-obj.dir/model/adhoc-wifi-mac.cc.obj
[471/1504] Building CXX object src/wifi/CMakeFiles/libwifi-obj.dir/helper/yans-wifi-helper.cc.obj
[472/1504] Building CXX object src/point-to-point/CMakeFiles/libpoint-to-point-obj.dir/helper/point-to-point-helper.cc.obj
[473/1504] Building CXX object src/wifi/CMakeFiles/libwifi-obj.dir/model/block-ack-type.cc.obj
[474/1504] Building CXX object src/csma/CMakeFiles/libcsma-obj.dir/model/csma-net-device.cc.obj
[475/1504] Building CXX object src/wifi/CMakeFiles/libwifi-obj.dir/helper/athstats-helper.cc.obj
[476/1504] Building CXX object src/internet/CMakeFiles/libinternet-obj.dir/model/tcp-socket-base.cc.obj
[477/1504] Building CXX object src/wifi/CMakeFiles/libwifi-obj.dir/model/block-ack-agreement.cc.obj
[478/1504] Building CXX object src/wifi/CMakeFiles/libwifi-obj.dir/model/capability-information.cc.obj
[479/1504] Building CXX object src/wifi/CMakeFiles/libwifi-obj.dir/helper/spectrum-wifi-helper.cc.obj
[480/1504] Building CXX object src/wifi/CMakeFiles/libwifi-obj.dir/helper/wifi-mac-helper.cc.obj
[481/1504] Building CXX object src/wifi/CMakeFiles/libwifi-obj.dir/model/block-ack-window.cc.obj
[482/1504] Building CXX object src/wifi/CMakeFiles/libwifi-obj.dir/model/edca-parameter-set.cc.obj
[483/1504] Building CXX object src/wifi/CMakeFiles/libwifi-obj.dir/model/eht/eht-operation.cc.obj
[484/1504] Building CXX object src/wifi/CMakeFiles/libwifi-obj.dir/model/eht/eht-capabilities.cc.obj
[485/1504] Linking CXX shared library D:\data\nar\third_party\ns-3-dev\build\lib\libns3.42-internet-default.dll
[486/1504] Building CXX object src/wifi/CMakeFiles/libwifi-obj.dir/model/eht/tid-to-link-mapping-element.cc.obj
[487/1504] Building CXX object src/wifi/CMakeFiles/libwifi-obj.dir/model/error-rate-model.cc.obj
[488/1504] Building CXX object src/wifi/CMakeFiles/libwifi-obj.dir/model/extended-capabilities.cc.obj
[489/1504] Building CXX object src/wifi/CMakeFiles/libwifi-obj.dir/model/eht/eht-ppdu.cc.obj
[490/1504] Building CXX object src/wifi/CMakeFiles/libwifi-obj.dir/model/eht/default-emlsr-manager.cc.obj
[491/1504] Building CXX object src/wifi/CMakeFiles/libwifi-obj.dir/model/ctrl-headers.cc.obj
[492/1504] Building CXX object src/wifi/CMakeFiles/libwifi-obj.dir/model/block-ack-manager.cc.obj
[493/1504] Building CXX object src/wifi/CMakeFiles/libwifi-obj.dir/model/frame-capture-model.cc.obj
[494/1504] Building CXX object src/wifi/CMakeFiles/libwifi-obj.dir/model/he/he-6ghz-band-capabilities.cc.obj
[495/1504] Building CXX object src/wifi/CMakeFiles/libwifi-obj.dir/model/eht/eht-configuration.cc.obj
[496/1504] Building CXX object src/wifi/CMakeFiles/libwifi-obj.dir/model/he/he-capabilities.cc.obj
[497/1504] Building CXX object src/wifi/CMakeFiles/libwifi-obj.dir/model/eht/multi-link-element.cc.obj
[498/1504] Building CXX object src/wifi/CMakeFiles/libwifi-obj.dir/model/he/he-operation.cc.obj
[499/1504] Building CXX object src/wifi/CMakeFiles/libwifi-obj.dir/model/he/he-configuration.cc.obj
[500/1504] Building CXX object src/wifi/CMakeFiles/libwifi-obj.dir/model/eht/eht-phy.cc.obj
[501/1504] Building CXX object src/wifi/CMakeFiles/libwifi-obj.dir/model/channel-access-manager.cc.obj
[502/1504] Building CXX object src/wifi/CMakeFiles/libwifi-obj.dir/helper/wifi-helper.cc.obj
[503/1504] Building CXX object src/wifi/CMakeFiles/libwifi-obj.dir/model/he/constant-obss-pd-algorithm.cc.obj
[504/1504] Building CXX object src/wifi/CMakeFiles/libwifi-obj.dir/model/he/mu-edca-parameter-set.cc.obj
[505/1504] Building CXX object src/wifi/CMakeFiles/libwifi-obj.dir/model/he/mu-snr-tag.cc.obj
[506/1504] Building CXX object src/wifi/CMakeFiles/libwifi-obj.dir/model/fcfs-wifi-queue-scheduler.cc.obj
[507/1504] Building CXX object src/wifi/CMakeFiles/libwifi-obj.dir/model/eht/eht-frame-exchange-manager.cc.obj
[508/1504] Building CXX object src/wifi/CMakeFiles/libwifi-obj.dir/model/ht/ht-configuration.cc.obj
[509/1504] Building CXX object src/wifi/CMakeFiles/libwifi-obj.dir/model/ht/ht-capabilities.cc.obj
[510/1504] Building CXX object src/wifi/CMakeFiles/libwifi-obj.dir/helper/wifi-phy-rx-trace-helper.cc.obj
[511/1504] Building CXX object src/wifi/CMakeFiles/libwifi-obj.dir/model/he/he-ru.cc.obj
[512/1504] Building CXX object src/wifi/CMakeFiles/libwifi-obj.dir/model/ht/ht-operation.cc.obj
[513/1504] Building CXX object src/wifi/CMakeFiles/libwifi-obj.dir/model/he/he-ppdu.cc.obj
[514/1504] Building CXX object src/wifi/CMakeFiles/libwifi-obj.dir/model/he/obss-pd-algorithm.cc.obj
[515/1504] Building CXX object src/wifi/CMakeFiles/libwifi-obj.dir/model/ht/ht-ppdu.cc.obj
[516/1504] Building CXX object src/wifi/CMakeFiles/libwifi-obj.dir/model/mac-tx-middle.cc.obj
[517/1504] Building CXX object src/wifi/CMakeFiles/libwifi-obj.dir/model/eht/emlsr-manager.cc.obj
[518/1504] Building CXX object src/wifi/CMakeFiles/libwifi-obj.dir/model/he/multi-user-scheduler.cc.obj
[519/1504] Building CXX object src/wifi/CMakeFiles/libwifi-obj.dir/model/mac-rx-middle.cc.obj
[520/1504] Building CXX object src/wifi/CMakeFiles/libwifi-obj.dir/model/nist-error-rate-model.cc.obj
[521/1504] Building CXX object src/wifi/CMakeFiles/libwifi-obj.dir/model/non-ht/dsss-error-rate-model.cc.obj
[522/1504] Building CXX object src/wifi/CMakeFiles/libwifi-obj.dir/model/mgt-action-headers.cc.obj
[523/1504] Building CXX object src/wifi/CMakeFiles/libwifi-obj.dir/model/non-ht/dsss-parameter-set.cc.obj
[524/1504] Building CXX object src/wifi/CMakeFiles/libwifi-obj.dir/model/frame-exchange-manager.cc.obj
[525/1504] Building CXX object src/wifi/CMakeFiles/libwifi-obj.dir/model/mpdu-aggregator.cc.obj
[526/1504] Building CXX object src/wifi/CMakeFiles/libwifi-obj.dir/model/non-ht/erp-information.cc.obj
[527/1504] Building CXX object src/wifi/CMakeFiles/libwifi-obj.dir/model/msdu-aggregator.cc.obj
[528/1504] Building CXX object src/wifi/CMakeFiles/libwifi-obj.dir/model/non-ht/dsss-ppdu.cc.obj
[529/1504] Building CXX object src/wifi/CMakeFiles/libwifi-obj.dir/model/interference-helper.cc.obj
[530/1504] Building CXX object src/wifi/CMakeFiles/libwifi-obj.dir/model/ht/ht-phy.cc.obj
[531/1504] Building CXX object src/wifi/CMakeFiles/libwifi-obj.dir/model/non-inheritance.cc.obj
[532/1504] Building CXX object src/wifi/CMakeFiles/libwifi-obj.dir/model/non-ht/erp-ofdm-ppdu.cc.obj
[533/1504] Building CXX object src/wifi/CMakeFiles/libwifi-obj.dir/model/he/rr-multi-user-scheduler.cc.obj
[534/1504] Building CXX object src/wifi/CMakeFiles/libwifi-obj.dir/model/non-ht/ofdm-ppdu.cc.obj
[535/1504] Building CXX object src/wifi/CMakeFiles/libwifi-obj.dir/model/originator-block-ack-agreement.cc.obj
[536/1504] Building CXX object src/wifi/CMakeFiles/libwifi-obj.dir/model/preamble-detection-model.cc.obj
[537/1504] Building CXX object src/wifi/CMakeFiles/libwifi-obj.dir/model/he/he-phy.cc.obj
[538/1504] Building CXX object src/wifi/CMakeFiles/libwifi-obj.dir/model/ht/ht-frame-exchange-manager.cc.obj
[539/1504] Building CXX object src/wifi/CMakeFiles/libwifi-obj.dir/model/non-ht/dsss-phy.cc.obj
[540/1504] Building CXX object src/wifi/CMakeFiles/libwifi-obj.dir/model/qos-utils.cc.obj
[541/1504] Building CXX object src/wifi/CMakeFiles/libwifi-obj.dir/model/non-ht/erp-ofdm-phy.cc.obj
[542/1504] Building CXX object src/wifi/CMakeFiles/libwifi-obj.dir/model/mgt-headers.cc.obj
[543/1504] Building CXX object src/wifi/CMakeFiles/libwifi-obj.dir/model/ap-wifi-mac.cc.obj
[544/1504] Building CXX object src/wifi/CMakeFiles/libwifi-obj.dir/model/he/he-frame-exchange-manager.cc.obj
[545/1504] Building CXX object src/wifi/CMakeFiles/libwifi-obj.dir/model/rate-control/aarf-wifi-manager.cc.obj
[546/1504] Building CXX object src/wifi/CMakeFiles/libwifi-obj.dir/model/rate-control/constant-rate-wifi-manager.cc.obj
[547/1504] Building CXX object src/wifi/CMakeFiles/libwifi-obj.dir/model/non-ht/ofdm-phy.cc.obj
[548/1504] Building CXX object src/wifi/CMakeFiles/libwifi-obj.dir/model/rate-control/aarfcd-wifi-manager.cc.obj
[549/1504] Building CXX object src/wifi/CMakeFiles/libwifi-obj.dir/model/rate-control/amrr-wifi-manager.cc.obj
[550/1504] Building CXX object src/wifi/CMakeFiles/libwifi-obj.dir/model/rate-control/arf-wifi-manager.cc.obj
[551/1504] Building CXX object src/wifi/CMakeFiles/libwifi-obj.dir/model/rate-control/cara-wifi-manager.cc.obj
[552/1504] Building CXX object src/wifi/CMakeFiles/libwifi-obj.dir/model/rate-control/aparf-wifi-manager.cc.obj
[553/1504] Building CXX object src/wifi/CMakeFiles/libwifi-obj.dir/model/reference/error-rate-tables.cc.obj
[554/1504] Building CXX object src/wifi/CMakeFiles/libwifi-obj.dir/model/qos-frame-exchange-manager.cc.obj
[555/1504] Building CXX object src/wifi/CMakeFiles/libwifi-obj.dir/model/rate-control/onoe-wifi-manager.cc.obj
[556/1504] Building CXX object src/wifi/CMakeFiles/libwifi-obj.dir/model/snr-tag.cc.obj
[557/1504] Building CXX object src/wifi/CMakeFiles/libwifi-obj.dir/model/recipient-block-ack-agreement.cc.obj
[558/1504] Building CXX object src/wifi/CMakeFiles/libwifi-obj.dir/model/status-code.cc.obj
[559/1504] Building CXX object src/wifi/CMakeFiles/libwifi-obj.dir/model/simple-frame-capture-model.cc.obj
[560/1504] Building CXX object src/wifi/CMakeFiles/libwifi-obj.dir/model/reduced-neighbor-report.cc.obj
[561/1504] Building CXX object src/wifi/CMakeFiles/libwifi-obj.dir/model/ssid.cc.obj
[562/1504] Building CXX object src/wifi/CMakeFiles/libwifi-obj.dir/model/rate-control/ideal-wifi-manager.cc.obj
[563/1504] Building CXX object src/wifi/CMakeFiles/libwifi-obj.dir/model/phy-entity.cc.obj
[564/1504] Building CXX object src/wifi/CMakeFiles/libwifi-obj.dir/model/rate-control/parf-wifi-manager.cc.obj
[565/1504] Building CXX object src/wifi/CMakeFiles/libwifi-obj.dir/model/qos-txop.cc.obj
[566/1504] Building CXX object src/wifi/CMakeFiles/libwifi-obj.dir/model/supported-rates.cc.obj
[567/1504] Building CXX object src/wifi/CMakeFiles/libwifi-obj.dir/model/rate-control/rraa-wifi-manager.cc.obj
[568/1504] Building CXX object src/wifi/CMakeFiles/libwifi-obj.dir/model/rate-control/minstrel-wifi-manager.cc.obj
[569/1504] Building CXX object src/wifi/CMakeFiles/libwifi-obj.dir/model/threshold-preamble-detection-model.cc.obj
[570/1504] Building CXX object src/wifi/CMakeFiles/libwifi-obj.dir/model/tim.cc.obj
[571/1504] Building CXX object src/wifi/CMakeFiles/libwifi-obj.dir/model/table-based-error-rate-model.cc.obj
[572/1504] Building CXX object src/wifi/CMakeFiles/libwifi-obj.dir/model/vht/vht-capabilities.cc.obj
[573/1504] Building CXX object src/wifi/CMakeFiles/libwifi-obj.dir/model/vht/vht-operation.cc.obj
[574/1504] Building CXX object src/wifi/CMakeFiles/libwifi-obj.dir/model/rate-control/thompson-sampling-wifi-manager.cc.obj
[575/1504] Building CXX object src/wifi/CMakeFiles/libwifi-obj.dir/model/rate-control/rrpaa-wifi-manager.cc.obj
[576/1504] Building CXX object src/wifi/CMakeFiles/libwifi-obj.dir/model/rate-control/minstrel-ht-wifi-manager.cc.obj
[577/1504] Building CXX object src/wifi/CMakeFiles/libwifi-obj.dir/model/vht/vht-configuration.cc.obj
[578/1504] Building CXX object src/wifi/CMakeFiles/libwifi-obj.dir/model/vht/vht-frame-exchange-manager.cc.obj
[579/1504] Building CXX object src/wifi/CMakeFiles/libwifi-obj.dir/model/vht/vht-ppdu.cc.obj
[580/1504] Building CXX object src/wifi/CMakeFiles/libwifi-obj.dir/model/wifi-ack-manager.cc.obj
[581/1504] Building CXX object src/wifi/CMakeFiles/libwifi-obj.dir/model/wifi-information-element.cc.obj
[582/1504] Building CXX object src/wifi/CMakeFiles/libwifi-obj.dir/model/wifi-mac-header.cc.obj
[583/1504] Building CXX object src/wifi/CMakeFiles/libwifi-obj.dir/model/wifi-mac-queue-elem.cc.obj
[584/1504] Building CXX object src/wifi/CMakeFiles/libwifi-obj.dir/model/wifi-acknowledgment.cc.obj
[585/1504] Building CXX object src/wifi/CMakeFiles/libwifi-obj.dir/model/wifi-bandwidth-filter.cc.obj
[586/1504] Building CXX object src/wifi/CMakeFiles/libwifi-obj.dir/model/wifi-mac-queue-container.cc.obj
[587/1504] Building CXX object src/wifi/CMakeFiles/libwifi-obj.dir/model/wifi-mac-queue-scheduler.cc.obj
[588/1504] Building CXX object src/wifi/CMakeFiles/libwifi-obj.dir/model/spectrum-wifi-phy.cc.obj
[589/1504] Building CXX object src/wifi/CMakeFiles/libwifi-obj.dir/model/wifi-mac-trailer.cc.obj
[590/1504] Building CXX object src/wifi/CMakeFiles/libwifi-obj.dir/model/wifi-mode.cc.obj
[591/1504] Building CXX object src/wifi/CMakeFiles/libwifi-obj.dir/model/wifi-default-assoc-manager.cc.obj
[592/1504] Building CXX object src/wifi/CMakeFiles/libwifi-obj.dir/model/wifi-default-protection-manager.cc.obj
[593/1504] Building CXX object src/wifi/CMakeFiles/libwifi-obj.dir/model/vht/vht-phy.cc.obj
[594/1504] Building CXX object src/wifi/CMakeFiles/libwifi-obj.dir/model/wifi-phy-common.cc.obj
[595/1504] Building CXX object src/wifi/CMakeFiles/libwifi-obj.dir/model/wifi-mpdu.cc.obj
[596/1504] Building CXX object src/wifi/CMakeFiles/libwifi-obj.dir/model/wifi-phy-operating-channel.cc.obj
[597/1504] Building CXX object src/wifi/CMakeFiles/libwifi-obj.dir/model/wifi-protection.cc.obj
[598/1504] Building CXX object src/wifi/CMakeFiles/libwifi-obj.dir/model/wifi-ppdu.cc.obj
[599/1504] Building CXX object src/wifi/CMakeFiles/libwifi-obj.dir/model/wifi-protection-manager.cc.obj
[600/1504] Building CXX object src/wifi/CMakeFiles/libwifi-obj.dir/model/wifi-remote-station-info.cc.obj
[601/1504] Building CXX object src/wifi/CMakeFiles/libwifi-obj.dir/model/wifi-mac-queue.cc.obj
[602/1504] Building CXX object src/wifi/CMakeFiles/libwifi-obj.dir/model/wifi-assoc-manager.cc.obj
[603/1504] Building CXX object src/wifi/CMakeFiles/libwifi-obj.dir/model/txop.cc.obj
[604/1504] Building CXX object src/wifi/CMakeFiles/libwifi-obj.dir/model/wifi-standards.cc.obj
[605/1504] Building CXX object src/wifi/CMakeFiles/libwifi-obj.dir/model/wifi-default-ack-manager.cc.obj
[606/1504] Building CXX object src/wifi/CMakeFiles/libwifi-obj.dir/model/wifi-psdu.cc.obj
[607/1504] Building CXX object src/wifi/CMakeFiles/libwifi-obj.dir/model/wifi-spectrum-signal-parameters.cc.obj
[608/1504] Building CXX object src/wifi/CMakeFiles/libwifi-obj.dir/model/wifi-tx-current-model.cc.obj
[609/1504] Building CXX object src/wifi/CMakeFiles/libwifi-obj.dir/model/wifi-spectrum-phy-interface.cc.obj
[610/1504] Linking CXX shared library D:\data\nar\third_party\ns-3-dev\build\lib\libns3.42-buildings-default.dll
[611/1504] Linking CXX shared library D:\data\nar\third_party\ns-3-dev\build\lib\libns3.42-applications-default.dll
[612/1504] Linking CXX shared library D:\data\nar\third_party\ns-3-dev\build\lib\libns3.42-config-store-default.dll
[613/1504] Linking CXX shared library D:\data\nar\third_party\ns-3-dev\build\lib\libns3.42-csma-default.dll
[614/1504] Building CXX object src/wifi/CMakeFiles/libwifi-obj.dir/model/wifi-utils.cc.obj
[615/1504] Building CXX object src/wifi/CMakeFiles/libwifi-obj.dir/model/wifi-tx-timer.cc.obj
[616/1504] Building CXX object src/wifi/CMakeFiles/libwifi-obj.dir/model/yans-error-rate-model.cc.obj
[617/1504] Building CXX object src/wifi/CMakeFiles/libwifi-obj.dir/model/wifi-net-device.cc.obj
[618/1504] Building CXX object src/wifi/CMakeFiles/libwifi-obj.dir/model/wifi-tx-parameters.cc.obj
[619/1504] Building CXX object src/wifi/CMakeFiles/libwifi-obj.dir/model/wifi-radio-energy-model.cc.obj
[620/1504] Building CXX object src/wifi/CMakeFiles/libwifi-obj.dir/model/wifi-phy-state-helper.cc.obj
[621/1504] Building CXX object src/internet-apps/CMakeFiles/libinternet-apps-obj.dir/helper/ping-helper.cc.obj
[622/1504] Building CXX object src/wifi/CMakeFiles/libwifi-obj.dir/model/wifi-tx-vector.cc.obj
[623/1504] Building CXX object src/wifi/CMakeFiles/libwifi-obj.dir/model/wifi-spectrum-value-helper.cc.obj
[624/1504] Building CXX object src/wifi/CMakeFiles/libwifi-obj.dir/model/yans-wifi-channel.cc.obj
[625/1504] Building CXX object src/internet-apps/CMakeFiles/libinternet-apps-obj.dir/helper/radvd-helper.cc.obj
[626/1504] Building CXX object src/wifi/CMakeFiles/libwifi-obj.dir/model/yans-wifi-phy.cc.obj
[627/1504] Building CXX object src/internet-apps/CMakeFiles/libinternet-apps-obj.dir/helper/v4traceroute-helper.cc.obj
[628/1504] Building CXX object src/internet-apps/CMakeFiles/libinternet-apps-obj.dir/helper/dhcp-helper.cc.obj
[629/1504] Building CXX object src/internet-apps/CMakeFiles/libinternet-apps-obj.dir/model/dhcp-header.cc.obj
[630/1504] Building CXX object src/internet-apps/CMakeFiles/libinternet-apps-obj.dir/model/radvd-prefix.cc.obj
[631/1504] Building CXX object src/internet-apps/CMakeFiles/libinternet-apps-obj.dir/model/radvd-interface.cc.obj
[632/1504] Building CXX object src/lr-wpan/CMakeFiles/liblr-wpan-obj.dir/model/lr-wpan-interference-helper.cc.obj
[633/1504] Building CXX object src/lr-wpan/CMakeFiles/liblr-wpan-obj.dir/model/lr-wpan-fields.cc.obj
[634/1504] Building CXX object src/lr-wpan/CMakeFiles/liblr-wpan-obj.dir/model/lr-wpan-error-model.cc.obj
[635/1504] Building CXX object src/lr-wpan/CMakeFiles/liblr-wpan-obj.dir/model/lr-wpan-lqi-tag.cc.obj
[636/1504] Building CXX object src/wifi/CMakeFiles/libwifi-obj.dir/model/sta-wifi-mac.cc.obj
[637/1504] Building CXX object src/lr-wpan/CMakeFiles/liblr-wpan-obj.dir/model/lr-wpan-mac-header.cc.obj
[638/1504] Building CXX object src/internet-apps/CMakeFiles/libinternet-apps-obj.dir/model/dhcp-server.cc.obj
[639/1504] Building CXX object src/wifi/CMakeFiles/libwifi-obj.dir/model/wifi-remote-station-manager.cc.obj
[640/1504] Building CXX object src/lr-wpan/CMakeFiles/liblr-wpan-obj.dir/model/lr-wpan-mac-pl-headers.cc.obj
[641/1504] Building CXX object src/lr-wpan/CMakeFiles/liblr-wpan-obj.dir/model/lr-wpan-mac-trailer.cc.obj
[642/1504] Building CXX object src/lr-wpan/CMakeFiles/liblr-wpan-obj.dir/model/lr-wpan-csmaca.cc.obj
[643/1504] Building CXX object src/internet-apps/CMakeFiles/libinternet-apps-obj.dir/model/radvd.cc.obj
[644/1504] Building CXX object src/internet-apps/CMakeFiles/libinternet-apps-obj.dir/model/v4traceroute.cc.obj
[645/1504] Building CXX object src/internet-apps/CMakeFiles/libinternet-apps-obj.dir/model/dhcp-client.cc.obj
[646/1504] Building CXX object src/lr-wpan/CMakeFiles/liblr-wpan-obj.dir/model/lr-wpan-mac-base.cc.obj
[647/1504] Building CXX object src/lr-wpan/CMakeFiles/liblr-wpan-obj.dir/model/lr-wpan-spectrum-value-helper.cc.obj
[648/1504] Building CXX object src/lr-wpan/CMakeFiles/liblr-wpan-obj.dir/model/lr-wpan-spectrum-signal-parameters.cc.obj
[649/1504] Building CXX object src/lr-wpan/CMakeFiles/liblr-wpan-obj.dir/helper/lr-wpan-helper.cc.obj
[650/1504] Building CXX object src/lte/CMakeFiles/liblte-obj.dir/helper/epc-helper.cc.obj
[651/1504] Building CXX object src/lte/CMakeFiles/liblte-obj.dir/helper/cc-helper.cc.obj
[652/1504] Building CXX object src/internet-apps/CMakeFiles/libinternet-apps-obj.dir/model/ping.cc.obj
[653/1504] Building CXX object src/lte/CMakeFiles/liblte-obj.dir/helper/phy-rx-stats-calculator.cc.obj
[654/1504] Building CXX object src/lte/CMakeFiles/liblte-obj.dir/helper/phy-stats-calculator.cc.obj
[655/1504] Building CXX object src/lte/CMakeFiles/liblte-obj.dir/helper/lte-global-pathloss-database.cc.obj
[656/1504] Building CXX object src/lte/CMakeFiles/liblte-obj.dir/helper/mac-stats-calculator.cc.obj
[657/1504] Building CXX object src/wifi/CMakeFiles/libwifi-obj.dir/model/wifi-mac.cc.obj
[658/1504] Building CXX object src/lte/CMakeFiles/liblte-obj.dir/helper/phy-tx-stats-calculator.cc.obj
[659/1504] Building CXX object src/lte/CMakeFiles/liblte-obj.dir/helper/lte-hex-grid-enb-topology-helper.cc.obj
[660/1504] Building CXX object src/lte/CMakeFiles/liblte-obj.dir/helper/lte-stats-calculator.cc.obj
[661/1504] Building CXX object src/lte/CMakeFiles/liblte-obj.dir/helper/point-to-point-epc-helper.cc.obj
[662/1504] Building CXX object src/lte/CMakeFiles/liblte-obj.dir/model/component-carrier.cc.obj
[663/1504] Building CXX object src/lte/CMakeFiles/liblte-obj.dir/model/epc-enb-s1-sap.cc.obj
[664/1504] Building CXX object src/lte/CMakeFiles/liblte-obj.dir/model/a3-rsrp-handover-algorithm.cc.obj
[665/1504] Building CXX object src/lte/CMakeFiles/liblte-obj.dir/model/a2-a4-rsrq-handover-algorithm.cc.obj
[666/1504] Building CXX object src/lr-wpan/CMakeFiles/liblr-wpan-obj.dir/model/lr-wpan-net-device.cc.obj
[667/1504] Building CXX object src/lte/CMakeFiles/liblte-obj.dir/model/component-carrier-ue.cc.obj
[668/1504] Building CXX object src/lte/CMakeFiles/liblte-obj.dir/helper/radio-environment-map-helper.cc.obj
[669/1504] Building CXX object src/lte/CMakeFiles/liblte-obj.dir/model/component-carrier-enb.cc.obj
[670/1504] Building CXX object src/lte/CMakeFiles/liblte-obj.dir/helper/radio-bearer-stats-calculator.cc.obj
[671/1504] Building CXX object src/lte/CMakeFiles/liblte-obj.dir/model/epc-gtpu-header.cc.obj
[672/1504] Building CXX object src/lte/CMakeFiles/liblte-obj.dir/model/epc-s11-sap.cc.obj
[673/1504] Building CXX object src/lr-wpan/CMakeFiles/liblr-wpan-obj.dir/model/lr-wpan-phy.cc.obj
[674/1504] Building CXX object src/lte/CMakeFiles/liblte-obj.dir/helper/radio-bearer-stats-connector.cc.obj
[675/1504] Building CXX object src/lte/CMakeFiles/liblte-obj.dir/model/epc-s1ap-sap.cc.obj
[676/1504] Building CXX object src/lte/CMakeFiles/liblte-obj.dir/helper/no-backhaul-epc-helper.cc.obj
[677/1504] Building CXX object src/lte/CMakeFiles/liblte-obj.dir/model/epc-gtpc-header.cc.obj
[678/1504] Building CXX object src/lte/CMakeFiles/liblte-obj.dir/model/epc-tft.cc.obj
[679/1504] Building CXX object src/lte/CMakeFiles/liblte-obj.dir/model/epc-x2-sap.cc.obj
[680/1504] Building CXX object src/wifi/CMakeFiles/libwifi-obj.dir/model/wifi-phy.cc.obj
[681/1504] Building CXX object src/lte/CMakeFiles/liblte-obj.dir/model/epc-enb-application.cc.obj
[682/1504] Building CXX object src/lte/CMakeFiles/liblte-obj.dir/model/eps-bearer-tag.cc.obj
[683/1504] Building CXX object src/lte/CMakeFiles/liblte-obj.dir/model/epc-tft-classifier.cc.obj
[684/1504] Building CXX object src/lte/CMakeFiles/liblte-obj.dir/model/eps-bearer.cc.obj
[685/1504] Building CXX object src/lr-wpan/CMakeFiles/liblr-wpan-obj.dir/model/lr-wpan-mac.cc.obj
[686/1504] Building CXX object src/lte/CMakeFiles/liblte-obj.dir/model/epc-mme-application.cc.obj
[687/1504] Building CXX object src/lte/CMakeFiles/liblte-obj.dir/model/ff-mac-common.cc.obj
[688/1504] Building CXX object src/lte/CMakeFiles/liblte-obj.dir/model/ff-mac-csched-sap.cc.obj
[689/1504] Building CXX object src/lte/CMakeFiles/liblte-obj.dir/model/ff-mac-sched-sap.cc.obj
[690/1504] Building CXX object src/lte/CMakeFiles/liblte-obj.dir/model/epc-ue-nas.cc.obj
[691/1504] Building CXX object src/lte/CMakeFiles/liblte-obj.dir/model/epc-x2-header.cc.obj
[692/1504] Building CXX object src/lte/CMakeFiles/liblte-obj.dir/model/epc-sgw-application.cc.obj
[693/1504] Building CXX object src/lte/CMakeFiles/liblte-obj.dir/model/epc-pgw-application.cc.obj
[694/1504] Building CXX object src/lte/CMakeFiles/liblte-obj.dir/model/ff-mac-scheduler.cc.obj
[695/1504] Building CXX object src/lte/CMakeFiles/liblte-obj.dir/model/lte-as-sap.cc.obj
[696/1504] Building CXX object src/lte/CMakeFiles/liblte-obj.dir/model/lte-anr-sap.cc.obj
[697/1504] Building CXX object src/lte/CMakeFiles/liblte-obj.dir/model/lte-ccm-mac-sap.cc.obj
[698/1504] Building CXX object src/lte/CMakeFiles/liblte-obj.dir/model/lte-common.cc.obj
[699/1504] Building CXX object src/lte/CMakeFiles/liblte-obj.dir/model/lte-ccm-rrc-sap.cc.obj
[700/1504] Building CXX object src/lte/CMakeFiles/liblte-obj.dir/model/lte-enb-cmac-sap.cc.obj
[701/1504] Building CXX object src/lte/CMakeFiles/liblte-obj.dir/model/lte-amc.cc.obj
[702/1504] Building CXX object src/lte/CMakeFiles/liblte-obj.dir/model/lte-anr.cc.obj
[703/1504] Building CXX object src/lte/CMakeFiles/liblte-obj.dir/model/lte-chunk-processor.cc.obj
[704/1504] Building CXX object src/lte/CMakeFiles/liblte-obj.dir/model/lte-control-messages.cc.obj
[705/1504] Building CXX object src/lte/CMakeFiles/liblte-obj.dir/model/lte-enb-cphy-sap.cc.obj
[706/1504] Building CXX object src/lte/CMakeFiles/liblte-obj.dir/model/lte-asn1-header.cc.obj
[707/1504] Building CXX object src/lte/CMakeFiles/liblte-obj.dir/model/lte-enb-phy-sap.cc.obj
[708/1504] Building CXX object src/lte/CMakeFiles/liblte-obj.dir/model/lte-enb-component-carrier-manager.cc.obj
[709/1504] Building CXX object src/lte/CMakeFiles/liblte-obj.dir/model/lte-ffr-rrc-sap.cc.obj
[710/1504] Building CXX object src/lte/CMakeFiles/liblte-obj.dir/model/lte-ffr-sap.cc.obj
[711/1504] Building CXX object src/lte/CMakeFiles/liblte-obj.dir/model/epc-x2.cc.obj
[712/1504] Building CXX object src/lte/CMakeFiles/liblte-obj.dir/model/lte-ffr-algorithm.cc.obj
[713/1504] Building CXX object src/lte/CMakeFiles/liblte-obj.dir/model/lte-handover-management-sap.cc.obj
[714/1504] Building CXX object src/lte/CMakeFiles/liblte-obj.dir/model/lte-handover-algorithm.cc.obj
[715/1504] Building CXX object src/lte/CMakeFiles/liblte-obj.dir/model/lte-fr-no-op-algorithm.cc.obj
[716/1504] Building CXX object src/lte/CMakeFiles/liblte-obj.dir/model/cqa-ff-mac-scheduler.cc.obj
[717/1504] Building CXX object src/lte/CMakeFiles/liblte-obj.dir/model/lte-harq-phy.cc.obj
[718/1504] Building CXX object src/lte/CMakeFiles/liblte-obj.dir/model/lte-enb-net-device.cc.obj
[719/1504] Building CXX object src/lte/CMakeFiles/liblte-obj.dir/model/lte-fr-hard-algorithm.cc.obj
[720/1504] Building CXX object src/lte/CMakeFiles/liblte-obj.dir/model/lte-ffr-enhanced-algorithm.cc.obj
[721/1504] Building CXX object src/lte/CMakeFiles/liblte-obj.dir/model/lte-ffr-distributed-algorithm.cc.obj
[722/1504] Building CXX object src/lte/CMakeFiles/liblte-obj.dir/model/lte-ffr-soft-algorithm.cc.obj
[723/1504] Building CXX object src/lte/CMakeFiles/liblte-obj.dir/model/fdmt-ff-mac-scheduler.cc.obj
[724/1504] Building CXX object src/lte/CMakeFiles/liblte-obj.dir/model/lte-fr-soft-algorithm.cc.obj
[725/1504] Building CXX object src/lte/CMakeFiles/liblte-obj.dir/model/lte-mac-sap.cc.obj
[726/1504] Building CXX object src/lte/CMakeFiles/liblte-obj.dir/model/lte-fr-strict-algorithm.cc.obj
[727/1504] Building CXX object src/lte/CMakeFiles/liblte-obj.dir/helper/lte-helper.cc.obj
[728/1504] Building CXX object src/lte/CMakeFiles/liblte-obj.dir/model/lte-pdcp-header.cc.obj
[729/1504] Building CXX object src/lte/CMakeFiles/liblte-obj.dir/model/lte-pdcp-sap.cc.obj
[730/1504] Building CXX object src/lte/CMakeFiles/liblte-obj.dir/model/fdbet-ff-mac-scheduler.cc.obj
[731/1504] Building CXX object src/lte/CMakeFiles/liblte-obj.dir/model/lte-mi-error-model.cc.obj
[732/1504] Building CXX object src/lte/CMakeFiles/liblte-obj.dir/model/lte-pdcp-tag.cc.obj
[733/1504] Building CXX object src/lte/CMakeFiles/liblte-obj.dir/model/lte-phy-tag.cc.obj
[734/1504] Building CXX object src/lte/CMakeFiles/liblte-obj.dir/model/lte-interference.cc.obj
[735/1504] Building CXX object src/lte/CMakeFiles/liblte-obj.dir/model/fdtbfq-ff-mac-scheduler.cc.obj
[736/1504] Building CXX object src/lte/CMakeFiles/liblte-obj.dir/model/lte-enb-mac.cc.obj
[737/1504] Building CXX object src/lte/CMakeFiles/liblte-obj.dir/model/lte-radio-bearer-tag.cc.obj
[738/1504] Building CXX object src/lte/CMakeFiles/liblte-obj.dir/model/lte-rlc-sequence-number.cc.obj
[739/1504] Building CXX object src/lte/CMakeFiles/liblte-obj.dir/model/lte-rlc-sap.cc.obj
[740/1504] Building CXX object src/lte/CMakeFiles/liblte-obj.dir/model/lte-net-device.cc.obj
[741/1504] Building CXX object src/lte/CMakeFiles/liblte-obj.dir/model/lte-rlc-sdu-status-tag.cc.obj
[742/1504] Building CXX object src/lte/CMakeFiles/liblte-obj.dir/model/lte-rlc-header.cc.obj
[743/1504] Building CXX object src/lte/CMakeFiles/liblte-obj.dir/model/lte-rlc-am-header.cc.obj
[744/1504] Building CXX object src/lte/CMakeFiles/liblte-obj.dir/model/lte-radio-bearer-info.cc.obj
[745/1504] Building CXX object src/lte/CMakeFiles/liblte-obj.dir/model/lte-phy.cc.obj
[746/1504] Building CXX object src/lte/CMakeFiles/liblte-obj.dir/model/lte-enb-phy.cc.obj
[747/1504] Building CXX object src/lte/CMakeFiles/liblte-obj.dir/model/lte-rlc-tag.cc.obj
[748/1504] Building CXX object src/lte/CMakeFiles/liblte-obj.dir/model/lte-pdcp.cc.obj
[749/1504] Building CXX object src/lte/CMakeFiles/liblte-obj.dir/model/lte-rrc-sap.cc.obj
[750/1504] Building CXX object src/lte/CMakeFiles/liblte-obj.dir/model/lte-rlc-tm.cc.obj
[751/1504] Building CXX object src/lte/CMakeFiles/liblte-obj.dir/model/lte-ue-ccm-rrc-sap.cc.obj
[752/1504] Building CXX object src/lte/CMakeFiles/liblte-obj.dir/model/lte-ue-cmac-sap.cc.obj
[753/1504] Building CXX object src/lte/CMakeFiles/liblte-obj.dir/model/lte-spectrum-value-helper.cc.obj
[754/1504] Building CXX object src/lte/CMakeFiles/liblte-obj.dir/model/lte-ue-cphy-sap.cc.obj
[755/1504] Building CXX object src/lte/CMakeFiles/liblte-obj.dir/model/lte-spectrum-signal-parameters.cc.obj
[756/1504] Building CXX object src/lte/CMakeFiles/liblte-obj.dir/model/lte-ue-phy-sap.cc.obj
[757/1504] Building CXX object src/lte/CMakeFiles/liblte-obj.dir/model/lte-ue-component-carrier-manager.cc.obj
[758/1504] Building CXX object src/lte/CMakeFiles/liblte-obj.dir/model/lte-vendor-specific-parameters.cc.obj
[759/1504] Building CXX object src/lte/CMakeFiles/liblte-obj.dir/model/lte-rlc.cc.obj
[760/1504] Building CXX object src/lte/CMakeFiles/liblte-obj.dir/model/no-op-handover-algorithm.cc.obj
[761/1504] Building CXX object src/lte/CMakeFiles/liblte-obj.dir/model/lte-rlc-um.cc.obj
[762/1504] Building CXX object src/lte/CMakeFiles/liblte-obj.dir/model/lte-rrc-header.cc.obj
[763/1504] Building CXX object src/lte/CMakeFiles/liblte-obj.dir/model/lte-rrc-protocol-real.cc.obj
[764/1504] Building CXX object src/lte/CMakeFiles/liblte-obj.dir/model/lte-ue-net-device.cc.obj
[765/1504] Building CXX object src/lte/CMakeFiles/liblte-obj.dir/model/rem-spectrum-phy.cc.obj
[766/1504] Building CXX object src/lte/CMakeFiles/liblte-obj.dir/model/lte-ue-power-control.cc.obj
[767/1504] Building CXX object src/lte/CMakeFiles/liblte-obj.dir/model/lte-ue-mac.cc.obj
[768/1504] Building CXX object src/lte/CMakeFiles/liblte-obj.dir/model/lte-rlc-am.cc.obj
[769/1504] Building CXX object src/lte/CMakeFiles/liblte-obj.dir/model/lte-rrc-protocol-ideal.cc.obj
[770/1504] Building CXX object src/lte/CMakeFiles/liblte-obj.dir/model/no-op-component-carrier-manager.cc.obj
[771/1504] Building CXX object src/lte/CMakeFiles/liblte-obj.dir/model/simple-ue-component-carrier-manager.cc.obj
[772/1504] Building CXX object src/mesh/CMakeFiles/libmesh-obj.dir/helper/mesh-stack-installer.cc.obj
[773/1504] Building CXX object src/mesh/CMakeFiles/libmesh-obj.dir/model/dot11s/dot11s-mac-header.cc.obj
[774/1504] Building CXX object src/lte/CMakeFiles/liblte-obj.dir/model/lte-spectrum-phy.cc.obj
[775/1504] Building CXX object src/mesh/CMakeFiles/libmesh-obj.dir/helper/flame/flame-installer.cc.obj
[776/1504] Building CXX object src/mesh/CMakeFiles/libmesh-obj.dir/model/dot11s/airtime-metric.cc.obj
[777/1504] Building CXX object src/mesh/CMakeFiles/libmesh-obj.dir/helper/dot11s/dot11s-installer.cc.obj
[778/1504] Building CXX object src/mesh/CMakeFiles/libmesh-obj.dir/model/dot11s/hwmp-tag.cc.obj
[779/1504] Building CXX object src/mesh/CMakeFiles/libmesh-obj.dir/model/dot11s/ie-dot11s-configuration.cc.obj
[780/1504] Building CXX object src/lte/CMakeFiles/liblte-obj.dir/model/lte-enb-rrc.cc.obj
[781/1504] Building CXX object src/mesh/CMakeFiles/libmesh-obj.dir/model/dot11s/ie-dot11s-beacon-timing.cc.obj
[782/1504] Building CXX object src/mesh/CMakeFiles/libmesh-obj.dir/model/dot11s/hwmp-rtable.cc.obj
[783/1504] Building CXX object src/mesh/CMakeFiles/libmesh-obj.dir/helper/mesh-helper.cc.obj
[784/1504] Building CXX object src/mesh/CMakeFiles/libmesh-obj.dir/model/dot11s/hwmp-protocol-mac.cc.obj
[785/1504] Building CXX object src/mesh/CMakeFiles/libmesh-obj.dir/model/dot11s/ie-dot11s-id.cc.obj
[786/1504] Building CXX object src/mesh/CMakeFiles/libmesh-obj.dir/model/dot11s/ie-dot11s-metric-report.cc.obj
[787/1504] Building CXX object src/mesh/CMakeFiles/libmesh-obj.dir/model/dot11s/ie-dot11s-peer-management.cc.obj
[788/1504] Building CXX object src/mesh/CMakeFiles/libmesh-obj.dir/model/dot11s/ie-dot11s-peering-protocol.cc.obj
[789/1504] Building CXX object src/mesh/CMakeFiles/libmesh-obj.dir/model/dot11s/ie-dot11s-prep.cc.obj
[790/1504] Building CXX object src/lte/CMakeFiles/liblte-obj.dir/model/rr-ff-mac-scheduler.cc.obj
[791/1504] Building CXX object src/lte/CMakeFiles/liblte-obj.dir/model/lte-ue-phy.cc.obj
[792/1504] Building CXX object src/mesh/CMakeFiles/libmesh-obj.dir/model/dot11s/ie-dot11s-preq.cc.obj
[793/1504] Building CXX object src/mesh/CMakeFiles/libmesh-obj.dir/model/dot11s/ie-dot11s-perr.cc.obj
[794/1504] Building CXX object src/mesh/CMakeFiles/libmesh-obj.dir/model/dot11s/ie-dot11s-rann.cc.obj
[795/1504] Building CXX object src/lte/CMakeFiles/liblte-obj.dir/model/pf-ff-mac-scheduler.cc.obj
[796/1504] Building CXX object src/mesh/CMakeFiles/libmesh-obj.dir/model/flame/flame-header.cc.obj
[797/1504] Building CXX object src/mesh/CMakeFiles/libmesh-obj.dir/model/mesh-l2-routing-protocol.cc.obj
[798/1504] Building CXX object src/mesh/CMakeFiles/libmesh-obj.dir/model/dot11s/peer-link-frame.cc.obj
[799/1504] Building CXX object src/lte/CMakeFiles/liblte-obj.dir/model/pss-ff-mac-scheduler.cc.obj
[800/1504] Building CXX object src/lte/CMakeFiles/liblte-obj.dir/model/tdbet-ff-mac-scheduler.cc.obj
[801/1504] Building CXX object src/mesh/CMakeFiles/libmesh-obj.dir/model/flame/flame-rtable.cc.obj
[802/1504] Linking CXX shared library D:\data\nar\third_party\ns-3-dev\build\lib\libns3.42-point-to-point-default.dll
[803/1504] Building CXX object src/lte/CMakeFiles/liblte-obj.dir/model/tdmt-ff-mac-scheduler.cc.obj
[804/1504] Building CXX object src/mesh/CMakeFiles/libmesh-obj.dir/model/flame/flame-protocol-mac.cc.obj
[805/1504] Building CXX object src/mesh/CMakeFiles/libmesh-obj.dir/model/dot11s/peer-link.cc.obj
[806/1504] Building CXX object src/lte/CMakeFiles/liblte-obj.dir/model/tta-ff-mac-scheduler.cc.obj
[807/1504] Building CXX object src/mesh/CMakeFiles/libmesh-obj.dir/model/mesh-information-element-vector.cc.obj
[808/1504] Building CXX object src/lte/CMakeFiles/liblte-obj.dir/model/tdtbfq-ff-mac-scheduler.cc.obj
[809/1504] Building CXX object src/mesh/CMakeFiles/libmesh-obj.dir/model/dot11s/hwmp-protocol.cc.obj
[810/1504] Building CXX object src/mesh/CMakeFiles/libmesh-obj.dir/model/flame/flame-protocol.cc.obj
[811/1504] Building CXX object src/uan/CMakeFiles/libuan-obj.dir/model/uan-header-common.cc.obj
[812/1504] Building CXX object src/mesh/CMakeFiles/libmesh-obj.dir/model/mesh-wifi-beacon.cc.obj
[813/1504] Building CXX object src/uan/CMakeFiles/libuan-obj.dir/model/uan-mac.cc.obj
[814/1504] Building CXX object src/mesh/CMakeFiles/libmesh-obj.dir/model/dot11s/peer-management-protocol-mac.cc.obj
[815/1504] Building CXX object src/uan/CMakeFiles/libuan-obj.dir/model/uan-header-rc.cc.obj
[816/1504] Building CXX object src/uan/CMakeFiles/libuan-obj.dir/helper/acoustic-modem-energy-model-helper.cc.obj
[817/1504] Building CXX object src/uan/CMakeFiles/libuan-obj.dir/model/uan-channel.cc.obj
[818/1504] Building CXX object src/mesh/CMakeFiles/libmesh-obj.dir/model/dot11s/peer-management-protocol.cc.obj
[819/1504] Building CXX object src/uan/CMakeFiles/libuan-obj.dir/model/uan-mac-aloha.cc.obj
[820/1504] Building CXX object src/uan/CMakeFiles/libuan-obj.dir/helper/uan-helper.cc.obj
[821/1504] Building CXX object src/uan/CMakeFiles/libuan-obj.dir/model/uan-noise-model.cc.obj
[822/1504] Building CXX object src/uan/CMakeFiles/libuan-obj.dir/model/uan-noise-model-default.cc.obj
[823/1504] Building CXX object src/lte/CMakeFiles/liblte-obj.dir/model/lte-ue-rrc.cc.obj
[824/1504] Linking CXX shared library D:\data\nar\third_party\ns-3-dev\build\lib\libns3.42-virtual-net-device-default.dll
[825/1504] Building CXX object src/uan/CMakeFiles/libuan-obj.dir/model/acoustic-modem-energy-model.cc.obj
[826/1504] Building CXX object src/mesh/CMakeFiles/libmesh-obj.dir/model/mesh-point-device.cc.obj
[827/1504] Building CXX object src/uan/CMakeFiles/libuan-obj.dir/model/uan-prop-model-ideal.cc.obj
[828/1504] Building CXX object src/mesh/CMakeFiles/libmesh-obj.dir/model/mesh-wifi-interface-mac.cc.obj
[829/1504] Building CXX object src/uan/CMakeFiles/libuan-obj.dir/model/uan-prop-model-thorp.cc.obj
[830/1504] Building CXX object src/wimax/CMakeFiles/libwimax-obj.dir/model/cid.cc.obj
[831/1504] Building CXX object src/uan/CMakeFiles/libuan-obj.dir/model/uan-transducer.cc.obj
[832/1504] Building CXX object src/wimax/CMakeFiles/libwimax-obj.dir/model/cid-factory.cc.obj
[833/1504] Building CXX object src/uan/CMakeFiles/libuan-obj.dir/model/uan-mac-cw.cc.obj
[834/1504] Building CXX object src/uan/CMakeFiles/libuan-obj.dir/model/uan-phy.cc.obj
[835/1504] Building CXX object src/uan/CMakeFiles/libuan-obj.dir/model/uan-prop-model.cc.obj
[836/1504] Building CXX object src/uan/CMakeFiles/libuan-obj.dir/model/uan-tx-mode.cc.obj
[837/1504] Building CXX object src/uan/CMakeFiles/libuan-obj.dir/model/uan-net-device.cc.obj
[838/1504] Building CXX object src/uan/CMakeFiles/libuan-obj.dir/model/uan-mac-rc.cc.obj
[839/1504] Building CXX object src/uan/CMakeFiles/libuan-obj.dir/model/uan-transducer-hd.cc.obj
[840/1504] Building CXX object src/wimax/CMakeFiles/libwimax-obj.dir/model/wimax-mac-header.cc.obj
[841/1504] Linking CXX shared library D:\data\nar\third_party\ns-3-dev\build\lib\libns3.42-wifi-default.dll
[842/1504] Building CXX object src/uan/CMakeFiles/libuan-obj.dir/model/uan-mac-rc-gw.cc.obj
[843/1504] Building CXX object src/uan/CMakeFiles/libuan-obj.dir/model/uan-phy-dual.cc.obj
[844/1504] Building CXX object src/wimax/CMakeFiles/libwimax-obj.dir/model/ofdm-downlink-frame-prefix.cc.obj
[845/1504] Building CXX object src/wimax/CMakeFiles/libwimax-obj.dir/model/wimax-channel.cc.obj
[846/1504] Building CXX object src/wimax/CMakeFiles/libwimax-obj.dir/model/ss-record.cc.obj
[847/1504] Building CXX object src/wimax/CMakeFiles/libwimax-obj.dir/model/ul-mac-messages.cc.obj
[848/1504] Building CXX object src/wimax/CMakeFiles/libwimax-obj.dir/model/dl-mac-messages.cc.obj
[849/1504] Building CXX object src/wimax/CMakeFiles/libwimax-obj.dir/model/wimax-phy.cc.obj
[850/1504] Building CXX object src/uan/CMakeFiles/libuan-obj.dir/model/uan-phy-gen.cc.obj
[851/1504] Building CXX object src/wimax/CMakeFiles/libwimax-obj.dir/model/mac-messages.cc.obj
[852/1504] Building CXX object src/wimax/CMakeFiles/libwimax-obj.dir/model/wimax-connection.cc.obj
[853/1504] Building CXX object src/wimax/CMakeFiles/libwimax-obj.dir/model/send-params.cc.obj
[854/1504] Building CXX object src/wimax/CMakeFiles/libwimax-obj.dir/model/simple-ofdm-wimax-channel.cc.obj
[855/1504] Building CXX object src/wimax/CMakeFiles/libwimax-obj.dir/model/ss-manager.cc.obj
[856/1504] Building CXX object src/wimax/CMakeFiles/libwimax-obj.dir/helper/wimax-helper.cc.obj
[857/1504] Building CXX object src/wimax/CMakeFiles/libwimax-obj.dir/model/bs-uplink-scheduler.cc.obj
[858/1504] Building CXX object src/wimax/CMakeFiles/libwimax-obj.dir/model/wimax-net-device.cc.obj
[859/1504] Building CXX object src/wimax/CMakeFiles/libwimax-obj.dir/model/connection-manager.cc.obj
[860/1504] Building CXX object src/wimax/CMakeFiles/libwimax-obj.dir/model/bs-uplink-scheduler-simple.cc.obj
[861/1504] Building CXX object src/wimax/CMakeFiles/libwimax-obj.dir/model/crc8.cc.obj
[862/1504] Building CXX object src/wimax/CMakeFiles/libwimax-obj.dir/model/bs-scheduler.cc.obj
[863/1504] Building CXX object src/wimax/CMakeFiles/libwimax-obj.dir/model/burst-profile-manager.cc.obj
[864/1504] Building CXX object src/wimax/CMakeFiles/libwimax-obj.dir/model/bs-net-device.cc.obj
[865/1504] Building CXX object src/wimax/CMakeFiles/libwimax-obj.dir/model/bs-uplink-scheduler-rtps.cc.obj
[866/1504] Building CXX object src/wimax/CMakeFiles/libwimax-obj.dir/model/ss-net-device.cc.obj
[867/1504] Building CXX object src/wimax/CMakeFiles/libwimax-obj.dir/model/bs-scheduler-simple.cc.obj
[868/1504] Building CXX object src/wimax/CMakeFiles/libwimax-obj.dir/model/ss-scheduler.cc.obj
[869/1504] Building CXX object src/wimax/CMakeFiles/libwimax-obj.dir/model/bs-uplink-scheduler-mbqos.cc.obj
[870/1504] Building CXX object src/wimax/CMakeFiles/libwimax-obj.dir/model/service-flow-record.cc.obj
[871/1504] Building CXX object src/wimax/CMakeFiles/libwimax-obj.dir/model/service-flow-manager.cc.obj
[872/1504] Building CXX object src/wimax/CMakeFiles/libwimax-obj.dir/model/service-flow.cc.obj
[873/1504] Building CXX object src/wimax/CMakeFiles/libwimax-obj.dir/model/bs-scheduler-rtps.cc.obj
[874/1504] Building CXX object src/wimax/CMakeFiles/libwimax-obj.dir/model/snr-to-block-error-rate-record.cc.obj
[875/1504] Building CXX object src/wimax/CMakeFiles/libwimax-obj.dir/model/simple-ofdm-wimax-phy.cc.obj
[876/1504] Building CXX object src/wimax/CMakeFiles/libwimax-obj.dir/model/bs-link-manager.cc.obj
[877/1504] Building CXX object src/wimax/CMakeFiles/libwimax-obj.dir/model/snr-to-block-error-rate-manager.cc.obj
[878/1504] Building CXX object src/wimax/CMakeFiles/libwimax-obj.dir/model/ul-job.cc.obj
[879/1504] Building CXX object src/wimax/CMakeFiles/libwimax-obj.dir/model/bandwidth-manager.cc.obj
[880/1504] Building CXX object src/wimax/CMakeFiles/libwimax-obj.dir/model/wimax-mac-queue.cc.obj
[881/1504] Building CXX object src/wimax/CMakeFiles/libwimax-obj.dir/model/simple-ofdm-send-param.cc.obj
[882/1504] Building CXX object src/wimax/CMakeFiles/libwimax-obj.dir/model/ss-link-manager.cc.obj
[883/1504] Building CXX object src/wimax/CMakeFiles/libwimax-obj.dir/model/wimax-mac-to-mac-header.cc.obj
[884/1504] Building CXX object src/wimax/CMakeFiles/libwimax-obj.dir/model/cs-parameters.cc.obj
[885/1504] Building CXX object src/wimax/CMakeFiles/libwimax-obj.dir/model/ipcs-classifier-record.cc.obj
[886/1504] Building CXX object src/aodv/CMakeFiles/libaodv-obj.dir/model/aodv-dpd.cc.obj
[887/1504] Building CXX object src/wimax/CMakeFiles/libwimax-obj.dir/model/ipcs-classifier.cc.obj
[888/1504] Building CXX object src/wimax/CMakeFiles/libwimax-obj.dir/model/ss-service-flow-manager.cc.obj
[889/1504] Building CXX object contrib/auto-cc/CMakeFiles/libauto-cc-obj.dir/model/cc-algo.cc.obj
[890/1504] Building CXX object src/aodv/CMakeFiles/libaodv-obj.dir/model/aodv-id-cache.cc.obj
[891/1504] Building CXX object src/wimax/CMakeFiles/libwimax-obj.dir/model/wimax-tlv.cc.obj
[892/1504] Building CXX object src/wimax/CMakeFiles/libwimax-obj.dir/model/bs-service-flow-manager.cc.obj
[893/1504] Building CXX object src/aodv/CMakeFiles/libaodv-obj.dir/helper/aodv-helper.cc.obj
[894/1504] Building CXX object src/aodv/CMakeFiles/libaodv-obj.dir/model/aodv-packet.cc.obj
[895/1504] Building CXX object src/aodv/CMakeFiles/libaodv-obj.dir/model/aodv-rqueue.cc.obj
[896/1504] Building CXX object src/csma-layout/CMakeFiles/libcsma-layout-obj.dir/model/csma-star-helper.cc.obj
[897/1504] Building CXX object src/aodv/CMakeFiles/libaodv-obj.dir/model/aodv-neighbor.cc.obj
[898/1504] Building CXX object src/dsdv/CMakeFiles/libdsdv-obj.dir/helper/dsdv-helper.cc.obj
[899/1504] Building CXX object src/dsdv/CMakeFiles/libdsdv-obj.dir/model/dsdv-packet.cc.obj
[900/1504] Building CXX object src/dsdv/CMakeFiles/libdsdv-obj.dir/model/dsdv-packet-queue.cc.obj
[901/1504] Building CXX object src/aodv/CMakeFiles/libaodv-obj.dir/model/aodv-rtable.cc.obj
[902/1504] Building CXX object src/dsr/CMakeFiles/libdsr-obj.dir/model/dsr-gratuitous-reply-table.cc.obj
[903/1504] Building CXX object src/dsr/CMakeFiles/libdsr-obj.dir/model/dsr-fs-header.cc.obj
[904/1504] Building CXX object src/dsdv/CMakeFiles/libdsdv-obj.dir/model/dsdv-rtable.cc.obj
[905/1504] Building CXX object src/dsr/CMakeFiles/libdsr-obj.dir/model/dsr-errorbuff.cc.obj
[906/1504] Building CXX object src/dsr/CMakeFiles/libdsr-obj.dir/model/dsr-network-queue.cc.obj
[907/1504] Building CXX object src/dsr/CMakeFiles/libdsr-obj.dir/model/dsr-maintain-buff.cc.obj
[908/1504] Building CXX object src/dsr/CMakeFiles/libdsr-obj.dir/helper/dsr-main-helper.cc.obj
[909/1504] Building CXX object src/dsr/CMakeFiles/libdsr-obj.dir/model/dsr-passive-buff.cc.obj
[910/1504] Building CXX object src/dsr/CMakeFiles/libdsr-obj.dir/model/dsr-option-header.cc.obj
[911/1504] Building CXX object src/flow-monitor/CMakeFiles/libflow-monitor-obj.dir/model/flow-classifier.cc.obj
[912/1504] Linking CXX shared library D:\data\nar\third_party\ns-3-dev\build\lib\libns3.42-internet-apps-default.dll
[913/1504] Building CXX object src/dsr/CMakeFiles/libdsr-obj.dir/model/dsr-rsendbuff.cc.obj
[914/1504] Building CXX object src/dsr/CMakeFiles/libdsr-obj.dir/helper/dsr-helper.cc.obj
[915/1504] Linking CXX shared library D:\data\nar\third_party\ns-3-dev\build\lib\libns3.42-lr-wpan-default.dll
[916/1504] Linking CXX shared library D:\data\nar\third_party\ns-3-dev\build\lib\libns3.42-mesh-default.dll
[917/1504] Building CXX object src/flow-monitor/CMakeFiles/libflow-monitor-obj.dir/helper/flow-monitor-helper.cc.obj
[918/1504] Building CXX object src/dsr/CMakeFiles/libdsr-obj.dir/model/dsr-rreq-table.cc.obj
[919/1504] Building CXX object src/flow-monitor/CMakeFiles/libflow-monitor-obj.dir/model/flow-probe.cc.obj
[920/1504] Building CXX object src/flow-monitor/CMakeFiles/libflow-monitor-obj.dir/model/ipv4-flow-classifier.cc.obj
[921/1504] Building CXX object src/flow-monitor/CMakeFiles/libflow-monitor-obj.dir/model/ipv6-flow-classifier.cc.obj
[922/1504] Building CXX object src/flow-monitor/CMakeFiles/libflow-monitor-obj.dir/model/flow-monitor.cc.obj
[923/1504] Linking CXX shared library D:\data\nar\third_party\ns-3-dev\build\lib\libns3.42-lte-default.dll
[924/1504] Building CXX object src/nix-vector-routing/CMakeFiles/libnix-vector-routing-obj.dir/helper/nix-vector-helper.cc.obj
[925/1504] Building CXX object src/olsr/CMakeFiles/libolsr-obj.dir/helper/olsr-helper.cc.obj
[926/1504] Building CXX object src/olsr/CMakeFiles/libolsr-obj.dir/model/olsr-state.cc.obj
[927/1504] Building CXX object src/olsr/CMakeFiles/libolsr-obj.dir/model/olsr-header.cc.obj
[928/1504] Building CXX object src/dsdv/CMakeFiles/libdsdv-obj.dir/model/dsdv-routing-protocol.cc.obj
[929/1504] Building CXX object src/flow-monitor/CMakeFiles/libflow-monitor-obj.dir/model/ipv4-flow-probe.cc.obj
[930/1504] Building CXX object src/flow-monitor/CMakeFiles/libflow-monitor-obj.dir/model/ipv6-flow-probe.cc.obj
[931/1504] Building CXX object src/dsr/CMakeFiles/libdsr-obj.dir/model/dsr-rcache.cc.obj
[932/1504] Linking CXX shared library D:\data\nar\third_party\ns-3-dev\build\lib\libns3.42-uan-default.dll
[933/1504] Building CXX object src/point-to-point-layout/CMakeFiles/libpoint-to-point-layout-obj.dir/model/point-to-point-dumbbell.cc.obj
[934/1504] Building CXX object src/point-to-point-layout/CMakeFiles/libpoint-to-point-layout-obj.dir/model/point-to-point-grid.cc.obj
[935/1504] Linking CXX shared library D:\data\nar\third_party\ns-3-dev\build\lib\libns3.42-auto-cc-default.dll
[936/1504] Building CXX object src/sixlowpan/CMakeFiles/libsixlowpan-obj.dir/helper/sixlowpan-helper.cc.obj
[937/1504] Building CXX object src/point-to-point-layout/CMakeFiles/libpoint-to-point-layout-obj.dir/model/point-to-point-star.cc.obj
[938/1504] Linking CXX shared library D:\data\nar\third_party\ns-3-dev\build\lib\libns3.42-wimax-default.dll
[939/1504] Building CXX object src/topology-read/CMakeFiles/libtopology-read-obj.dir/helper/topology-reader-helper.cc.obj
[940/1504] Building CXX object scratch/nested-subdir/CMakeFiles/scratch-nested-subdir-lib.dir/lib/scratch-nested-subdir-library-source.cc.obj
[941/1504] Building CXX object src/sixlowpan/CMakeFiles/libsixlowpan-obj.dir/model/sixlowpan-header.cc.obj
[942/1504] Building CXX object src/dsr/CMakeFiles/libdsr-obj.dir/model/dsr-options.cc.obj
[943/1504] Building CXX object src/topology-read/CMakeFiles/libtopology-read-obj.dir/model/orbis-topology-reader.cc.obj
[944/1504] Building CXX object src/topology-read/CMakeFiles/libtopology-read-obj.dir/model/inet-topology-reader.cc.obj
[945/1504] Building CXX object src/topology-read/CMakeFiles/libtopology-read-obj.dir/model/topology-reader.cc.obj
[946/1504] Building CXX object src/aodv/CMakeFiles/libaodv-obj.dir/model/aodv-routing-protocol.cc.obj
[947/1504] Linking CXX shared library D:\data\nar\third_party\ns-3-dev\build\lib\libns3.42-aodv-default.dll
[948/1504] Building CXX object src/core/examples/CMakeFiles/fatal-example.dir/fatal-example.cc.obj
[949/1504] Building CXX object src/core/examples/CMakeFiles/assert-example.dir/assert-example.cc.obj
[950/1504] Building CXX object src/config-store/examples/CMakeFiles/config-store-save.dir/config-store-save.cc.obj
[951/1504] Building CXX object src/nix-vector-routing/CMakeFiles/libnix-vector-routing-obj.dir/model/nix-vector-routing.cc.obj
[952/1504] Building CXX object src/core/examples/CMakeFiles/command-line-example.dir/command-line-example.cc.obj
[953/1504] Building CXX object src/buildings/examples/CMakeFiles/outdoor-random-walk-example.dir/outdoor-random-walk-example.cc.obj
[954/1504] Building CXX object src/buildings/examples/CMakeFiles/buildings-pathloss-profiler.dir/buildings-pathloss-profiler.cc.obj
[955/1504] Building CXX object src/bridge/examples/CMakeFiles/csma-bridge.dir/csma-bridge.cc.obj
[956/1504] Building CXX object src/buildings/examples/CMakeFiles/outdoor-group-mobility-example.dir/outdoor-group-mobility-example.cc.obj
[957/1504] Building CXX object src/core/examples/CMakeFiles/hash-example.dir/hash-example.cc.obj
[958/1504] Building CXX object src/bridge/examples/CMakeFiles/csma-bridge-one-hop.dir/csma-bridge-one-hop.cc.obj
[959/1504] Building CXX object src/core/examples/CMakeFiles/main-ptr.dir/main-ptr.cc.obj
[960/1504] Building CXX object src/core/examples/CMakeFiles/length-example.dir/length-example.cc.obj
[961/1504] Building CXX object src/topology-read/CMakeFiles/libtopology-read-obj.dir/model/rocketfuel-topology-reader.cc.obj
[962/1504] Building CXX object src/core/examples/CMakeFiles/main-callback.dir/main-callback.cc.obj
[963/1504] Building CXX object src/core/examples/CMakeFiles/sample-random-variable.dir/sample-random-variable.cc.obj
[964/1504] Building CXX object src/core/examples/CMakeFiles/sample-random-variable-stream.dir/sample-random-variable-stream.cc.obj
[965/1504] Building CXX object src/aodv/examples/CMakeFiles/aodv.dir/aodv.cc.obj
[966/1504] Building CXX object src/core/examples/CMakeFiles/sample-log-time-format.dir/sample-log-time-format.cc.obj
[967/1504] Building CXX object src/core/examples/CMakeFiles/sample-simulator.dir/sample-simulator.cc.obj
[968/1504] Building CXX object src/applications/examples/CMakeFiles/three-gpp-http-example.dir/three-gpp-http-example.cc.obj
[969/1504] Building CXX object contrib/auto-cc/CMakeFiles/auto-cc-scenario.dir/examples/scenario.cc.obj
[970/1504] Linking CXX shared library D:\data\nar\third_party\ns-3-dev\build\lib\libns3.42-csma-layout-default.dll
[971/1504] Building CXX object src/olsr/CMakeFiles/libolsr-obj.dir/model/olsr-routing-protocol.cc.obj
[972/1504] Linking CXX shared library D:\data\nar\third_party\ns-3-dev\build\lib\libns3.42-dsdv-default.dll
[973/1504] Building CXX object src/core/examples/CMakeFiles/system-path-examples.dir/system-path-examples.cc.obj
[974/1504] Building CXX object src/core/examples/CMakeFiles/empirical-random-variable-example.dir/empirical-random-variable-example.cc.obj
[975/1504] Building CXX object src/core/examples/CMakeFiles/test-string-value-formatting.dir/test-string-value-formatting.cc.obj
[976/1504] Building CXX object src/sixlowpan/CMakeFiles/libsixlowpan-obj.dir/model/sixlowpan-net-device.cc.obj
[977/1504] Building CXX object src/core/examples/CMakeFiles/sample-show-progress.dir/sample-show-progress.cc.obj
[978/1504] Building CXX object src/core/examples/CMakeFiles/main-test-sync.dir/main-test-sync.cc.obj
[979/1504] Linking CXX shared library D:\data\nar\third_party\ns-3-dev\build\lib\libns3.42-flow-monitor-default.dll
[980/1504] Building CXX object src/core/examples/CMakeFiles/main-random-variable-stream.dir/main-random-variable-stream.cc.obj
[981/1504] Building CXX object src/dsr/CMakeFiles/libdsr-obj.dir/model/dsr-routing.cc.obj
[982/1504] Building CXX object src/core/examples/CMakeFiles/log-example.dir/log-example.cc.obj
[983/1504] Linking CXX shared library D:\data\nar\third_party\ns-3-dev\build\lib\libns3.42-dsr-default.dll
[984/1504] Building CXX object src/csma/examples/CMakeFiles/csma-one-subnet.dir/csma-one-subnet.cc.obj
[985/1504] Building CXX object src/energy/examples/CMakeFiles/li-ion-energy-source-example.dir/li-ion-energy-source-example.cc.obj
[986/1504] Building CXX object src/csma/examples/CMakeFiles/csma-packet-socket.dir/csma-packet-socket.cc.obj
[987/1504] Building CXX object src/csma/examples/CMakeFiles/csma-broadcast.dir/csma-broadcast.cc.obj
[988/1504] Building CXX object src/netanim/CMakeFiles/libnetanim-obj.dir/model/animation-interface.cc.obj
[989/1504] Building CXX object src/csma/examples/CMakeFiles/csma-multicast.dir/csma-multicast.cc.obj
[990/1504] Building CXX object src/energy/examples/CMakeFiles/generic-battery-discharge-example.dir/generic-battery-discharge-example.cc.obj
[991/1504] Building CXX object src/csma/examples/CMakeFiles/csma-raw-ip-socket.dir/csma-raw-ip-socket.cc.obj
[992/1504] Building CXX object src/csma-layout/examples/CMakeFiles/csma-star.dir/csma-star.cc.obj
[993/1504] Building CXX object src/csma/examples/CMakeFiles/csma-ping.dir/csma-ping.cc.obj
[994/1504] Building CXX object src/energy/examples/CMakeFiles/rv-battery-model-test.dir/rv-battery-model-test.cc.obj
[995/1504] Building CXX object src/energy/examples/CMakeFiles/basic-energy-model-test.dir/basic-energy-model-test.cc.obj
[996/1504] Building CXX object src/internet/examples/CMakeFiles/main-simple.dir/main-simple.cc.obj
[997/1504] Building CXX object src/lr-wpan/examples/CMakeFiles/lr-wpan-packet-print.dir/lr-wpan-packet-print.cc.obj
[998/1504] Building CXX object src/lr-wpan/examples/CMakeFiles/lr-wpan-phy-test.dir/lr-wpan-phy-test.cc.obj
[999/1504] Building CXX object src/internet/examples/CMakeFiles/neighbor-cache-dynamic.dir/neighbor-cache-dynamic.cc.obj
[1000/1504] Building CXX object src/lr-wpan/examples/CMakeFiles/lr-wpan-error-model-plot.dir/lr-wpan-error-model-plot.cc.obj
[1001/1504] Building CXX object src/dsdv/examples/CMakeFiles/dsdv-manet.dir/dsdv-manet.cc.obj
[1002/1504] Building CXX object src/dsr/examples/CMakeFiles/dsr.dir/dsr.cc.obj
[1003/1504] Building CXX object src/internet/examples/CMakeFiles/neighbor-cache-example.dir/neighbor-cache-example.cc.obj
[1004/1504] Building CXX object src/internet-apps/examples/CMakeFiles/dhcp-example.dir/dhcp-example.cc.obj
[1005/1504] Building CXX object src/internet-apps/examples/CMakeFiles/ping-example.dir/ping-example.cc.obj
[1006/1504] Building CXX object src/lr-wpan/examples/CMakeFiles/lr-wpan-mlme.dir/lr-wpan-mlme.cc.obj
[1007/1504] Building CXX object src/lr-wpan/examples/CMakeFiles/lr-wpan-data.dir/lr-wpan-data.cc.obj
[1008/1504] Building CXX object src/lr-wpan/examples/CMakeFiles/lr-wpan-ed-scan.dir/lr-wpan-ed-scan.cc.obj
[1009/1504] Building CXX object src/lte/examples/CMakeFiles/lena-cc-helper.dir/lena-cc-helper.cc.obj
[1010/1504] Building CXX object src/lr-wpan/examples/CMakeFiles/lr-wpan-error-distance-plot.dir/lr-wpan-error-distance-plot.cc.obj
[1011/1504] Building CXX object src/lr-wpan/examples/CMakeFiles/lr-wpan-active-scan.dir/lr-wpan-active-scan.cc.obj
[1012/1504] Building CXX object src/energy/examples/CMakeFiles/generic-battery-wifiradio-example.dir/generic-battery-wifiradio-example.cc.obj
[1013/1504] Building CXX object src/lr-wpan/examples/CMakeFiles/lr-wpan-orphan-scan.dir/lr-wpan-orphan-scan.cc.obj
[1014/1504] Building CXX object src/internet-apps/examples/CMakeFiles/traceroute-example.dir/traceroute-example.cc.obj
[1015/1504] Building CXX object src/lr-wpan/examples/CMakeFiles/lr-wpan-per-plot.dir/lr-wpan-per-plot.cc.obj
[1016/1504] Building CXX object src/lte/examples/CMakeFiles/lena-cqi-threshold.dir/lena-cqi-threshold.cc.obj
[1017/1504] Building CXX object src/lte/examples/CMakeFiles/lena-fading.dir/lena-fading.cc.obj
[1018/1504] Building CXX object src/lte/examples/CMakeFiles/lena-intercell-interference.dir/lena-intercell-interference.cc.obj
[1019/1504] Building CXX object src/lr-wpan/examples/CMakeFiles/lr-wpan-bootstrap.dir/lr-wpan-bootstrap.cc.obj
[1020/1504] Building CXX object src/lte/examples/CMakeFiles/lena-rem.dir/lena-rem.cc.obj
[1021/1504] Building CXX object src/lte/examples/CMakeFiles/lena-deactivate-bearer.dir/lena-deactivate-bearer.cc.obj
[1022/1504] Building CXX object src/lte/examples/CMakeFiles/lena-rem-sector-antenna.dir/lena-rem-sector-antenna.cc.obj
[1023/1504] Building CXX object src/lte/examples/CMakeFiles/lena-frequency-reuse.dir/lena-frequency-reuse.cc.obj
[1024/1504] Building CXX object src/lte/examples/CMakeFiles/lena-ipv6-addr-conf.dir/lena-ipv6-addr-conf.cc.obj
[1025/1504] Building CXX object src/lte/examples/CMakeFiles/lena-profiling.dir/lena-profiling.cc.obj
[1026/1504] Building CXX object src/lte/examples/CMakeFiles/lena-rlc-traces.dir/lena-rlc-traces.cc.obj
[1027/1504] Building CXX object src/lte/examples/CMakeFiles/lena-ipv6-ue-ue.dir/lena-ipv6-ue-ue.cc.obj
[1028/1504] Building CXX object src/lte/examples/CMakeFiles/lena-ipv6-ue-rh.dir/lena-ipv6-ue-rh.cc.obj
[1029/1504] Building CXX object src/lte/examples/CMakeFiles/lena-pathloss-traces.dir/lena-pathloss-traces.cc.obj
[1030/1504] Building CXX object src/lte/examples/CMakeFiles/lena-distributed-ffr.dir/lena-distributed-ffr.cc.obj
[1031/1504] Building CXX object src/lte/examples/CMakeFiles/lena-simple.dir/lena-simple.cc.obj
[1032/1504] Linking CXX shared library D:\data\nar\third_party\ns-3-dev\build\lib\libns3.42-netanim-default.dll
[1033/1504] Building CXX object src/lte/examples/CMakeFiles/lena-dual-stripe.dir/lena-dual-stripe.cc.obj
[1034/1504] Building CXX object src/mobility/examples/CMakeFiles/bonnmotion-ns2-example.dir/bonnmotion-ns2-example.cc.obj
[1035/1504] Building CXX object src/lte/examples/CMakeFiles/lena-uplink-power-control.dir/lena-uplink-power-control.cc.obj
[1036/1504] Building CXX object src/mobility/examples/CMakeFiles/constant-mobility-example.dir/constant-mobility-example.cc.obj
[1037/1504] Building CXX object src/mobility/examples/CMakeFiles/main-random-walk.dir/main-random-walk.cc.obj
[1038/1504] Building CXX object src/lte/examples/CMakeFiles/lena-simple-epc.dir/lena-simple-epc.cc.obj
[1039/1504] Building CXX object src/mobility/examples/CMakeFiles/main-random-topology.dir/main-random-topology.cc.obj
[1040/1504] Building CXX object src/mobility/examples/CMakeFiles/main-grid-topology.dir/main-grid-topology.cc.obj
[1041/1504] Building CXX object src/mobility/examples/CMakeFiles/mobility-trace-example.dir/mobility-trace-example.cc.obj
[1042/1504] Building CXX object src/mobility/examples/CMakeFiles/ns2-mobility-trace.dir/ns2-mobility-trace.cc.obj
[1043/1504] Building CXX object src/mobility/examples/CMakeFiles/reference-point-group-mobility-example.dir/reference-point-group-mobility-example.cc.obj
[1044/1504] Building CXX object src/lte/examples/CMakeFiles/lena-simple-epc-backhaul.dir/lena-simple-epc-backhaul.cc.obj
[1045/1504] Building CXX object src/network/examples/CMakeFiles/bit-serializer.dir/bit-serializer.cc.obj
[1046/1504] Linking CXX shared library D:\data\nar\third_party\ns-3-dev\build\lib\libns3.42-nix-vector-routing-default.dll
[1047/1504] Building CXX object src/network/examples/CMakeFiles/main-packet-header.dir/main-packet-header.cc.obj
[1048/1504] Building CXX object src/network/examples/CMakeFiles/lollipop-comparisons.dir/lollipop-comparisons.cc.obj
[1049/1504] Building CXX object src/network/examples/CMakeFiles/main-packet-tag.dir/main-packet-tag.cc.obj
[1050/1504] Linking CXX shared library D:\data\nar\third_party\ns-3-dev\build\lib\libns3.42-olsr-default.dll
[1051/1504] Building CXX object src/lte/examples/CMakeFiles/lena-radio-link-failure.dir/lena-radio-link-failure.cc.obj
[1052/1504] Linking CXX shared library D:\data\nar\third_party\ns-3-dev\build\lib\libns3.42-point-to-point-layout-default.dll
[1053/1504] Building CXX object src/netanim/examples/CMakeFiles/grid-animation.dir/grid-animation.cc.obj
[1054/1504] Building CXX object src/lte/examples/CMakeFiles/lena-x2-handover-measures.dir/lena-x2-handover-measures.cc.obj
[1055/1504] Building CXX object src/netanim/examples/CMakeFiles/dumbbell-animation.dir/dumbbell-animation.cc.obj
[1056/1504] Building CXX object src/netanim/examples/CMakeFiles/star-animation.dir/star-animation.cc.obj
[1057/1504] Building CXX object src/mesh/examples/CMakeFiles/mesh.dir/mesh.cc.obj
[1058/1504] Building CXX object src/lte/examples/CMakeFiles/lena-x2-handover.dir/lena-x2-handover.cc.obj
[1059/1504] Building CXX object src/network/examples/CMakeFiles/packet-socket-apps.dir/packet-socket-apps.cc.obj
[1060/1504] Linking CXX shared library D:\data\nar\third_party\ns-3-dev\build\lib\libns3.42-sixlowpan-default.dll
[1061/1504] Building CXX object src/netanim/examples/CMakeFiles/colors-link-description.dir/colors-link-description.cc.obj
[1062/1504] Building CXX object src/netanim/examples/CMakeFiles/resources-counters.dir/resources-counters.cc.obj
[1063/1504] Building CXX object src/point-to-point/examples/CMakeFiles/main-attribute-value.dir/main-attribute-value.cc.obj
[1064/1504] Building CXX object src/netanim/examples/CMakeFiles/wireless-animation.dir/wireless-animation.cc.obj
[1065/1504] Building CXX object src/nix-vector-routing/examples/CMakeFiles/nix-simple-multi-address.dir/nix-simple-multi-address.cc.obj
[1066/1504] Building CXX object src/propagation/examples/CMakeFiles/main-propagation-loss.dir/main-propagation-loss.cc.obj
[1067/1504] Building CXX object src/nix-vector-routing/examples/CMakeFiles/nix-simple.dir/nix-simple.cc.obj
[1068/1504] Building CXX object src/netanim/examples/CMakeFiles/uan-animation.dir/uan-animation.cc.obj
[1069/1504] Building CXX object src/propagation/examples/CMakeFiles/jakes-propagation-model-example.dir/jakes-propagation-model-example.cc.obj
[1070/1504] Building CXX object src/olsr/examples/CMakeFiles/simple-point-to-point-olsr.dir/simple-point-to-point-olsr.cc.obj
[1071/1504] Building CXX object src/stats/examples/CMakeFiles/gnuplot-example.dir/gnuplot-example.cc.obj
[1072/1504] Building CXX object src/spectrum/examples/CMakeFiles/tv-trans-example.dir/tv-trans-example.cc.obj
[1073/1504] Building CXX object src/nix-vector-routing/examples/CMakeFiles/nms-p2p-nix.dir/nms-p2p-nix.cc.obj
[1074/1504] Building CXX object src/spectrum/examples/CMakeFiles/tv-trans-regional-example.dir/tv-trans-regional-example.cc.obj
[1075/1504] Building CXX object src/sixlowpan/examples/CMakeFiles/example-sixlowpan.dir/example-sixlowpan.cc.obj
[1076/1504] Linking CXX shared library D:\data\nar\third_party\ns-3-dev\build\lib\libns3.42-topology-read-default.dll
[1077/1504] Building CXX object src/spectrum/examples/CMakeFiles/three-gpp-channel-example.dir/three-gpp-channel-example.cc.obj
[1078/1504] Building CXX object src/sixlowpan/examples/CMakeFiles/example-ping-lr-wpan.dir/example-ping-lr-wpan.cc.obj
[1079/1504] Building CXX object src/olsr/examples/CMakeFiles/olsr-hna.dir/olsr-hna.cc.obj
[1080/1504] Building CXX object src/spectrum/examples/CMakeFiles/adhoc-aloha-ideal-phy.dir/adhoc-aloha-ideal-phy.cc.obj
[1081/1504] Building CXX object src/nix-vector-routing/examples/CMakeFiles/nix-double-wifi.dir/nix-double-wifi.cc.obj
[1082/1504] Building CXX object src/sixlowpan/examples/CMakeFiles/example-ping-lr-wpan-mesh-under.dir/example-ping-lr-wpan-mesh-under.cc.obj
[1083/1504] Building CXX object src/stats/examples/CMakeFiles/gnuplot-aggregator-example.dir/gnuplot-aggregator-example.cc.obj
[1084/1504] Building CXX object src/spectrum/examples/CMakeFiles/three-gpp-two-ray-channel-calibration.dir/three-gpp-two-ray-channel-calibration.cc.obj
[1085/1504] Building CXX object src/sixlowpan/examples/CMakeFiles/example-ping-lr-wpan-beacon.dir/example-ping-lr-wpan-beacon.cc.obj
[1086/1504] Building CXX object src/spectrum/examples/CMakeFiles/adhoc-aloha-ideal-phy-with-microwave-oven.dir/adhoc-aloha-ideal-phy-with-microwave-oven.cc.obj
[1087/1504] Building CXX object src/spectrum/examples/CMakeFiles/adhoc-aloha-ideal-phy-matrix-propagation-loss-model.dir/adhoc-aloha-ideal-phy-matrix-propagation-loss-model.cc.obj
[1088/1504] Building CXX object src/spectrum/examples/CMakeFiles/three-gpp-ntn-channel-example.dir/three-gpp-ntn-channel-example.cc.obj
[1089/1504] Building CXX object src/stats/examples/CMakeFiles/double-probe-example.dir/double-probe-example.cc.obj
[1090/1504] Building CXX object src/stats/examples/CMakeFiles/file-aggregator-example.dir/file-aggregator-example.cc.obj
[1091/1504] Building CXX object src/stats/examples/CMakeFiles/time-probe-example.dir/time-probe-example.cc.obj
[1092/1504] Building CXX object src/stats/examples/CMakeFiles/gnuplot-helper-example.dir/gnuplot-helper-example.cc.obj
[1093/1504] Building CXX object src/stats/examples/CMakeFiles/file-helper-example.dir/file-helper-example.cc.obj
[1094/1504] Building CXX object src/topology-read/examples/CMakeFiles/topology-example-sim.dir/topology-example-sim.cc.obj
[1095/1504] Building CXX object src/traffic-control/examples/CMakeFiles/red-vs-ared.dir/red-vs-ared.cc.obj
[1096/1504] Building CXX object src/traffic-control/examples/CMakeFiles/pfifo-vs-red.dir/pfifo-vs-red.cc.obj
[1097/1504] Building CXX object src/traffic-control/examples/CMakeFiles/red-tests.dir/red-tests.cc.obj
[1098/1504] Building CXX object src/wifi/examples/CMakeFiles/wifi-phy-test.dir/wifi-phy-test.cc.obj
[1099/1504] Building CXX object src/traffic-control/examples/CMakeFiles/pie-example.dir/pie-example.cc.obj
[1100/1504] Building CXX object src/uan/examples/CMakeFiles/uan-rc-example.dir/uan-rc-example.cc.obj
[1101/1504] Building CXX object src/uan/examples/CMakeFiles/uan-ipv4-example.dir/uan-ipv4-example.cc.obj
[1102/1504] Building CXX object src/uan/examples/CMakeFiles/uan-ipv6-example.dir/uan-ipv6-example.cc.obj
[1103/1504] Building CXX object src/traffic-control/examples/CMakeFiles/codel-vs-pfifo-basic-test.dir/codel-vs-pfifo-basic-test.cc.obj
[1104/1504] Building CXX object src/uan/examples/CMakeFiles/uan-6lowpan-example.dir/uan-6lowpan-example.cc.obj
[1105/1504] Building CXX object src/traffic-control/examples/CMakeFiles/adaptive-red-tests.dir/adaptive-red-tests.cc.obj
[1106/1504] Building CXX object src/wifi/examples/CMakeFiles/wifi-test-interference-helper.dir/wifi-test-interference-helper.cc.obj
[1107/1504] Building CXX object src/uan/examples/CMakeFiles/uan-raw-example.dir/uan-raw-example.cc.obj
[1108/1504] Building CXX object src/uan/examples/CMakeFiles/uan-cw-example.dir/uan-cw-example.cc.obj
[1109/1504] Building CXX object src/virtual-net-device/examples/CMakeFiles/virtual-net-device-example.dir/virtual-net-device-example.cc.obj
[1110/1504] Building CXX object src/traffic-control/examples/CMakeFiles/codel-vs-pfifo-asymmetric.dir/codel-vs-pfifo-asymmetric.cc.obj
[1111/1504] Building CXX object src/wifi/examples/CMakeFiles/wifi-trans-example.dir/wifi-trans-example.cc.obj
[1112/1504] Building CXX object src/wifi/examples/CMakeFiles/wifi-phy-configuration.dir/wifi-phy-configuration.cc.obj
[1113/1504] Building CXX object src/traffic-control/examples/CMakeFiles/fqcodel-l4s-example.dir/fqcodel-l4s-example.cc.obj
[1114/1504] Building CXX object src/wifi/examples/CMakeFiles/wifi-manager-example.dir/wifi-manager-example.cc.obj
[1115/1504] Building CXX object examples/ipv6/CMakeFiles/fragmentation-ipv6.dir/fragmentation-ipv6.cc.obj
[1116/1504] Building CXX object examples/ipv6/CMakeFiles/icmpv6-redirect.dir/icmpv6-redirect.cc.obj
[1117/1504] Building CXX object src/wifi/examples/CMakeFiles/wifi-phy-rx-trace-example.dir/wifi-phy-rx-trace-example.cc.obj
[1118/1504] Building CXX object examples/channel-models/CMakeFiles/three-gpp-v2v-channel-example.dir/three-gpp-v2v-channel-example.cc.obj
[1119/1504] Building CXX object examples/ipv6/CMakeFiles/fragmentation-ipv6-two-MTU.dir/fragmentation-ipv6-two-MTU.cc.obj
[1120/1504] Building CXX object src/wimax/examples/CMakeFiles/wimax-ipv4.dir/wimax-ipv4.cc.obj
[1121/1504] Building CXX object examples/ipv6/CMakeFiles/loose-routing-ipv6.dir/loose-routing-ipv6.cc.obj
[1122/1504] Building CXX object examples/error-model/CMakeFiles/simple-error-model.dir/simple-error-model.cc.obj
[1123/1504] Building CXX object examples/ipv6/CMakeFiles/ping6-example.dir/ping6-example.cc.obj
[1124/1504] Building CXX object src/wimax/examples/CMakeFiles/wimax-simple.dir/wimax-simple.cc.obj
[1125/1504] Building CXX object examples/ipv6/CMakeFiles/test-ipv6.dir/test-ipv6.cc.obj
[1126/1504] Building CXX object src/wimax/examples/CMakeFiles/wimax-multicast.dir/wimax-multicast.cc.obj
[1127/1504] Building CXX object examples/ipv6/CMakeFiles/radvd-one-prefix.dir/radvd-one-prefix.cc.obj
[1128/1504] Building CXX object examples/energy/CMakeFiles/energy-model-with-harvesting-example.dir/energy-model-with-harvesting-example.cc.obj
[1129/1504] Building CXX object examples/energy/CMakeFiles/energy-model-example.dir/energy-model-example.cc.obj
[1130/1504] Building CXX object examples/ipv6/CMakeFiles/radvd-two-prefix.dir/radvd-two-prefix.cc.obj
[1131/1504] Building CXX object examples/ipv6/CMakeFiles/wsn-ping6.dir/wsn-ping6.cc.obj
[1132/1504] Building CXX object examples/ipv6/CMakeFiles/fragmentation-ipv6-PMTU.dir/fragmentation-ipv6-PMTU.cc.obj
[1133/1504] Building CXX object examples/realtime/CMakeFiles/realtime-udp-echo.dir/realtime-udp-echo.cc.obj
[1134/1504] Building CXX object examples/routing/CMakeFiles/static-routing-slash32.dir/static-routing-slash32.cc.obj
[1135/1504] Building CXX object examples/routing/CMakeFiles/global-routing-slash32.dir/global-routing-slash32.cc.obj
[1136/1504] Building CXX object examples/naming/CMakeFiles/object-names.dir/object-names.cc.obj
[1137/1504] Building CXX object examples/routing/CMakeFiles/simple-routing-ping6.dir/simple-routing-ping6.cc.obj
[1138/1504] Building CXX object examples/routing/CMakeFiles/global-injection-slash32.dir/global-injection-slash32.cc.obj
[1139/1504] Building CXX object src/wifi/examples/CMakeFiles/wifi-bianchi.dir/wifi-bianchi.cc.obj
[1140/1504] Building CXX object examples/routing/CMakeFiles/dynamic-global-routing.dir/dynamic-global-routing.cc.obj
[1141/1504] Building CXX object examples/routing/CMakeFiles/mixed-global-routing.dir/mixed-global-routing.cc.obj
[1142/1504] Building CXX object examples/routing/CMakeFiles/simple-alternate-routing.dir/simple-alternate-routing.cc.obj
[1143/1504] Building CXX object examples/routing/CMakeFiles/simple-global-routing.dir/simple-global-routing.cc.obj
[1144/1504] Building CXX object examples/routing/CMakeFiles/simple-multicast-flooding.dir/simple-multicast-flooding.cc.obj
[1145/1504] Building CXX object examples/routing/CMakeFiles/rip-simple-network.dir/rip-simple-network.cc.obj
[1146/1504] Building CXX object examples/matrix-topology/CMakeFiles/matrix-topology.dir/matrix-topology.cc.obj
[1147/1504] Building CXX object examples/routing/CMakeFiles/ripng-simple-network.dir/ripng-simple-network.cc.obj
[1148/1504] Building CXX object examples/routing/CMakeFiles/global-routing-multi-switch-plus-router.dir/global-routing-multi-switch-plus-router.cc.obj
[1149/1504] Building CXX object examples/routing/CMakeFiles/manet-routing-compare.dir/manet-routing-compare.cc.obj
[1150/1504] Building CXX object examples/socket/CMakeFiles/socket-bound-static-routing.dir/socket-bound-static-routing.cc.obj
[1151/1504] Building CXX object examples/socket/CMakeFiles/socket-options-ipv6.dir/socket-options-ipv6.cc.obj
[1152/1504] Building CXX object examples/socket/CMakeFiles/socket-options-ipv4.dir/socket-options-ipv4.cc.obj
[1153/1504] Building CXX object examples/tcp/CMakeFiles/tcp-star-server.dir/tcp-star-server.cc.obj
[1154/1504] Building CXX object examples/tcp/CMakeFiles/tcp-pcap-nanosec-example.dir/tcp-pcap-nanosec-example.cc.obj
[1155/1504] Building CXX object examples/socket/CMakeFiles/socket-bound-tcp-static-routing.dir/socket-bound-tcp-static-routing.cc.obj
[1156/1504] Building CXX object examples/tcp/CMakeFiles/tcp-bulk-send.dir/tcp-bulk-send.cc.obj
[1157/1504] Building CXX object examples/tcp/CMakeFiles/tcp-large-transfer.dir/tcp-large-transfer.cc.obj
[1158/1504] Building CXX object examples/stats/CMakeFiles/wifi-example-sim.dir/wifi-example-apps.cc.obj
[1159/1504] Building CXX object examples/tcp/CMakeFiles/star.dir/star.cc.obj
[1160/1504] Building CXX object examples/tcp/CMakeFiles/tcp-bbr-example.dir/tcp-bbr-example.cc.obj
[1161/1504] Building CXX object examples/tutorial/CMakeFiles/hello-simulator.dir/hello-simulator.cc.obj
[1162/1504] Building CXX object examples/tcp/CMakeFiles/tcp-variants-comparison.dir/tcp-variants-comparison.cc.obj
[1163/1504] Building CXX object examples/tcp/CMakeFiles/tcp-linux-reno.dir/tcp-linux-reno.cc.obj
[1164/1504] Building CXX object examples/tcp/CMakeFiles/tcp-pacing.dir/tcp-pacing.cc.obj
[1165/1504] Building CXX object examples/tcp/CMakeFiles/dctcp-example.dir/dctcp-example.cc.obj
[1166/1504] Building CXX object examples/tutorial/CMakeFiles/fourth.dir/fourth.cc.obj
[1167/1504] Building CXX object examples/stats/CMakeFiles/wifi-example-sim.dir/wifi-example-sim.cc.obj
[1168/1504] Building CXX object examples/tutorial/CMakeFiles/first.dir/first.cc.obj
[1169/1504] Building CXX object examples/traffic-control/CMakeFiles/traffic-control.dir/traffic-control.cc.obj
[1170/1504] Building CXX object examples/traffic-control/CMakeFiles/red-vs-fengadaptive.dir/red-vs-fengadaptive.cc.obj
[1171/1504] Building CXX object examples/tutorial/CMakeFiles/second.dir/second.cc.obj
[1172/1504] Building CXX object examples/traffic-control/CMakeFiles/red-vs-nlred.dir/red-vs-nlred.cc.obj
[1173/1504] Building CXX object examples/tutorial/CMakeFiles/third.dir/third.cc.obj
[1174/1504] Building CXX object examples/traffic-control/CMakeFiles/tbf-example.dir/tbf-example.cc.obj
[1175/1504] Building CXX object examples/traffic-control/CMakeFiles/cobalt-vs-codel.dir/cobalt-vs-codel.cc.obj
[1176/1504] Building CXX object examples/tutorial/CMakeFiles/fifth.dir/fifth.cc.obj
[1177/1504] Building CXX object examples/tutorial/CMakeFiles/fifth.dir/tutorial-app.cc.obj
[1178/1504] Building CXX object examples/traffic-control/CMakeFiles/queue-discs-benchmark.dir/queue-discs-benchmark.cc.obj
[1179/1504] Building CXX object examples/tutorial/CMakeFiles/sixth.dir/tutorial-app.cc.obj
[1180/1504] Building CXX object examples/tcp/CMakeFiles/tcp-validation.dir/tcp-validation.cc.obj
[1181/1504] Building CXX object examples/udp/CMakeFiles/udp-echo.dir/udp-echo.cc.obj
[1182/1504] Building CXX object examples/tutorial/CMakeFiles/seventh.dir/tutorial-app.cc.obj
[1183/1504] Building CXX object examples/tutorial/CMakeFiles/sixth.dir/sixth.cc.obj
[1184/1504] Building CXX object examples/udp-client-server/CMakeFiles/udp-client-server.dir/udp-client-server.cc.obj
[1185/1504] Building CXX object examples/udp-client-server/CMakeFiles/udp-trace-client-server.dir/udp-trace-client-server.cc.obj
[1186/1504] Building CXX object examples/wireless/CMakeFiles/wifi-dsss-validation.dir/wifi-dsss-validation.cc.obj
[1187/1504] Building CXX object examples/wireless/CMakeFiles/wifi-80211n-mimo.dir/wifi-80211n-mimo.cc.obj
[1188/1504] Building CXX object examples/wireless/CMakeFiles/wifi-adhoc.dir/wifi-adhoc.cc.obj
[1189/1504] Building CXX object examples/wireless/CMakeFiles/wifi-blockack.dir/wifi-blockack.cc.obj
[1190/1504] Building CXX object examples/tutorial/CMakeFiles/seventh.dir/seventh.cc.obj
[1191/1504] Building CXX object examples/wireless/CMakeFiles/mixed-wired-wireless.dir/mixed-wired-wireless.cc.obj
[1192/1504] Building CXX object examples/wireless/CMakeFiles/wifi-ap.dir/wifi-ap.cc.obj
[1193/1504] Building CXX object examples/wireless/CMakeFiles/wifi-aggregation.dir/wifi-aggregation.cc.obj
[1194/1504] Building CXX object examples/wireless/CMakeFiles/wifi-backward-compatibility.dir/wifi-backward-compatibility.cc.obj
[1195/1504] Building CXX object examples/wireless/CMakeFiles/wifi-ofdm-he-validation.dir/wifi-ofdm-he-validation.cc.obj
[1196/1504] Building CXX object examples/wireless/CMakeFiles/wifi-80211e-txop.dir/wifi-80211e-txop.cc.obj
[1197/1504] Building CXX object examples/wireless/CMakeFiles/wifi-ofdm-ht-validation.dir/wifi-ofdm-ht-validation.cc.obj
[1198/1504] Building CXX object examples/wireless/CMakeFiles/wifi-ofdm-validation.dir/wifi-ofdm-validation.cc.obj
[1199/1504] Building CXX object examples/wireless/CMakeFiles/wifi-clear-channel-cmu.dir/wifi-clear-channel-cmu.cc.obj
[1200/1504] Building CXX object examples/wireless/CMakeFiles/wifi-hidden-terminal.dir/wifi-hidden-terminal.cc.obj
[1201/1504] Building CXX object examples/wireless/CMakeFiles/wifi-ofdm-vht-validation.dir/wifi-ofdm-vht-validation.cc.obj
[1202/1504] Building CXX object examples/wireless/CMakeFiles/wifi-error-models-comparison.dir/wifi-error-models-comparison.cc.obj
[1203/1504] Building CXX object examples/wireless/CMakeFiles/wifi-multi-tos.dir/wifi-multi-tos.cc.obj
[1204/1504] Building CXX object examples/wireless/CMakeFiles/wifi-he-network.dir/wifi-he-network.cc.obj
[1205/1504] Building CXX object examples/wireless/CMakeFiles/wifi-ht-network.dir/wifi-ht-network.cc.obj
[1206/1504] Building CXX object examples/wireless/CMakeFiles/wifi-mixed-network.dir/wifi-mixed-network.cc.obj
[1207/1504] Building CXX object examples/wireless/CMakeFiles/wifi-multirate.dir/wifi-multirate.cc.obj
[1208/1504] Building CXX object examples/wireless/CMakeFiles/wifi-simple-adhoc.dir/wifi-simple-adhoc.cc.obj
[1209/1504] Building CXX object examples/wireless/CMakeFiles/wifi-simple-ht-hidden-stations.dir/wifi-simple-ht-hidden-stations.cc.obj
[1210/1504] Building CXX object examples/wireless/CMakeFiles/wifi-simple-infra.dir/wifi-simple-infra.cc.obj
[1211/1504] Building CXX object examples/wireless/CMakeFiles/wifi-simple-adhoc-grid.dir/wifi-simple-adhoc-grid.cc.obj
[1212/1504] Building CXX object examples/wireless/CMakeFiles/wifi-rate-adaptation-distance.dir/wifi-rate-adaptation-distance.cc.obj
[1213/1504] Building CXX object examples/wireless/CMakeFiles/wifi-simple-interference.dir/wifi-simple-interference.cc.obj
[1214/1504] Linking CXX static library D:\data\nar\third_party\ns-3-dev\build\lib\libscratch-nested-subdir-lib.a
[1215/1504] Building CXX object examples/wireless/CMakeFiles/wifi-ofdm-eht-validation.dir/wifi-ofdm-eht-validation.cc.obj
[1216/1504] Building CXX object examples/wireless/CMakeFiles/wifi-sleep.dir/wifi-sleep.cc.obj
[1217/1504] Building CXX object scratch/CMakeFiles/scratch_subdir_scratch-subdir.dir/subdir/scratch-subdir-additional-header.cc.obj
[1218/1504] Building CXX object examples/wireless/CMakeFiles/wifi-timing-attributes.dir/wifi-timing-attributes.cc.obj
[1219/1504] Building CXX object examples/wireless/CMakeFiles/wifi-tcp.dir/wifi-tcp.cc.obj
[1220/1504] Linking CXX executable D:\data\nar\third_party\ns-3-dev\build\contrib\auto-cc\ns3.42-auto-cc-scenario-default.exe
[1221/1504] Building CXX object examples/wireless/CMakeFiles/wifi-spectrum-saturation-example.dir/wifi-spectrum-saturation-example.cc.obj
[1222/1504] Linking CXX executable D:\data\nar\third_party\ns-3-dev\build\src\applications\examples\ns3.42-three-gpp-http-example-default.exe
[1223/1504] Linking CXX executable D:\data\nar\third_party\ns-3-dev\build\src\aodv\examples\ns3.42-aodv-default.exe
[1224/1504] Building CXX object examples/wireless/CMakeFiles/wifi-power-adaptation-distance.dir/wifi-power-adaptation-distance.cc.obj
[1225/1504] Linking CXX executable D:\data\nar\third_party\ns-3-dev\build\src\bridge\examples\ns3.42-csma-bridge-default.exe
[1226/1504] Building CXX object examples/wireless/CMakeFiles/wifi-vht-network.dir/wifi-vht-network.cc.obj
[1227/1504] Linking CXX executable D:\data\nar\third_party\ns-3-dev\build\src\bridge\examples\ns3.42-csma-bridge-one-hop-default.exe
[1228/1504] Building CXX object examples/wireless/CMakeFiles/wifi-wired-bridging.dir/wifi-wired-bridging.cc.obj
[1229/1504] Building CXX object examples/wireless/CMakeFiles/wifi-spectrum-per-example.dir/wifi-spectrum-per-example.cc.obj
[1230/1504] Linking CXX executable D:\data\nar\third_party\ns-3-dev\build\src\buildings\examples\ns3.42-buildings-pathloss-profiler-default.exe
[1231/1504] Linking CXX executable D:\data\nar\third_party\ns-3-dev\build\src\buildings\examples\ns3.42-outdoor-group-mobility-example-default.exe
[1232/1504] Building CXX object scratch/CMakeFiles/scratch_scratch-simulator.dir/scratch-simulator.cc.obj
[1233/1504] Linking CXX executable D:\data\nar\third_party\ns-3-dev\build\src\buildings\examples\ns3.42-outdoor-random-walk-example-default.exe
[1234/1504] Building CXX object examples/wireless/CMakeFiles/wifi-spatial-reuse.dir/wifi-spatial-reuse.cc.obj
[1235/1504] Linking CXX executable D:\data\nar\third_party\ns-3-dev\build\src\config-store\examples\ns3.42-config-store-save-default.exe
[1236/1504] Linking CXX executable D:\data\nar\third_party\ns-3-dev\build\src\core\examples\ns3.42-assert-example-default.exe
[1237/1504] Linking CXX executable D:\data\nar\third_party\ns-3-dev\build\src\core\examples\ns3.42-fatal-example-default.exe
[1238/1504] Linking CXX executable D:\data\nar\third_party\ns-3-dev\build\src\core\examples\ns3.42-command-line-example-default.exe
[1239/1504] Linking CXX executable D:\data\nar\third_party\ns-3-dev\build\src\core\examples\ns3.42-hash-example-default.exe
[1240/1504] Linking CXX executable D:\data\nar\third_party\ns-3-dev\build\src\core\examples\ns3.42-length-example-default.exe
[1241/1504] Linking CXX executable D:\data\nar\third_party\ns-3-dev\build\src\core\examples\ns3.42-main-callback-default.exe
[1242/1504] Building CXX object scratch/CMakeFiles/scratch_subdir_scratch-subdir.dir/subdir/scratch-subdir.cc.obj
[1243/1504] Linking CXX executable D:\data\nar\third_party\ns-3-dev\build\src\core\examples\ns3.42-main-ptr-default.exe
[1244/1504] Linking CXX executable D:\data\nar\third_party\ns-3-dev\build\src\core\examples\ns3.42-sample-log-time-format-default.exe
[1245/1504] Linking CXX executable D:\data\nar\third_party\ns-3-dev\build\src\core\examples\ns3.42-sample-random-variable-stream-default.exe
[1246/1504] Linking CXX executable D:\data\nar\third_party\ns-3-dev\build\src\core\examples\ns3.42-system-path-examples-default.exe
[1247/1504] Linking CXX executable D:\data\nar\third_party\ns-3-dev\build\src\core\examples\ns3.42-sample-simulator-default.exe
[1248/1504] Linking CXX executable D:\data\nar\third_party\ns-3-dev\build\src\core\examples\ns3.42-sample-random-variable-default.exe
[1249/1504] Linking CXX executable D:\data\nar\third_party\ns-3-dev\build\src\core\examples\ns3.42-sample-show-progress-default.exe
[1250/1504] Linking CXX executable D:\data\nar\third_party\ns-3-dev\build\src\core\examples\ns3.42-test-string-value-formatting-default.exe
[1251/1504] Building CXX object scratch/nested-subdir/CMakeFiles/scratch_nested-subdir_scratch-nested-subdir-executable.dir/scratch-nested-subdir-executable.cc.obj
[1252/1504] Linking CXX executable D:\data\nar\third_party\ns-3-dev\build\src\core\examples\ns3.42-main-random-variable-stream-default.exe
[1253/1504] Linking CXX executable D:\data\nar\third_party\ns-3-dev\build\src\core\examples\ns3.42-main-test-sync-default.exe
[1254/1504] Linking CXX executable D:\data\nar\third_party\ns-3-dev\build\src\core\examples\ns3.42-log-example-default.exe
[1255/1504] Linking CXX executable D:\data\nar\third_party\ns-3-dev\build\src\core\examples\ns3.42-empirical-random-variable-example-default.exe
[1256/1504] Linking CXX executable D:\data\nar\third_party\ns-3-dev\build\src\csma\examples\ns3.42-csma-one-subnet-default.exe
[1257/1504] Linking CXX executable D:\data\nar\third_party\ns-3-dev\build\src\csma\examples\ns3.42-csma-broadcast-default.exe
[1258/1504] Linking CXX executable D:\data\nar\third_party\ns-3-dev\build\src\csma\examples\ns3.42-csma-raw-ip-socket-default.exe
[1259/1504] Linking CXX executable D:\data\nar\third_party\ns-3-dev\build\src\csma\examples\ns3.42-csma-multicast-default.exe
[1260/1504] Linking CXX executable D:\data\nar\third_party\ns-3-dev\build\src\csma\examples\ns3.42-csma-packet-socket-default.exe
[1261/1504] Linking CXX executable D:\data\nar\third_party\ns-3-dev\build\src\csma\examples\ns3.42-csma-ping-default.exe
[1262/1504] Linking CXX executable D:\data\nar\third_party\ns-3-dev\build\src\csma-layout\examples\ns3.42-csma-star-default.exe
[1263/1504] Building CXX object examples/wireless/CMakeFiles/wifi-power-adaptation-interference.dir/wifi-power-adaptation-interference.cc.obj
[1264/1504] Linking CXX executable D:\data\nar\third_party\ns-3-dev\build\src\dsdv\examples\ns3.42-dsdv-manet-default.exe
[1265/1504] Linking CXX executable D:\data\nar\third_party\ns-3-dev\build\src\dsr\examples\ns3.42-dsr-default.exe
[1266/1504] Linking CXX executable D:\data\nar\third_party\ns-3-dev\build\src\energy\examples\ns3.42-li-ion-energy-source-example-default.exe
[1267/1504] Linking CXX executable D:\data\nar\third_party\ns-3-dev\build\src\energy\examples\ns3.42-rv-battery-model-test-default.exe
[1268/1504] Linking CXX executable D:\data\nar\third_party\ns-3-dev\build\src\energy\examples\ns3.42-generic-battery-discharge-example-default.exe
[1269/1504] Linking CXX executable D:\data\nar\third_party\ns-3-dev\build\src\energy\examples\ns3.42-generic-battery-wifiradio-example-default.exe
[1270/1504] Linking CXX executable D:\data\nar\third_party\ns-3-dev\build\src\internet\examples\ns3.42-main-simple-default.exe
[1271/1504] Linking CXX executable D:\data\nar\third_party\ns-3-dev\build\src\internet\examples\ns3.42-neighbor-cache-example-default.exe
[1272/1504] Linking CXX executable D:\data\nar\third_party\ns-3-dev\build\src\internet\examples\ns3.42-neighbor-cache-dynamic-default.exe
[1273/1504] Linking CXX executable D:\data\nar\third_party\ns-3-dev\build\src\energy\examples\ns3.42-basic-energy-model-test-default.exe
[1274/1504] Building CXX object examples/wireless/CMakeFiles/wifi-spectrum-per-interference.dir/wifi-spectrum-per-interference.cc.obj
[1275/1504] Linking CXX executable D:\data\nar\third_party\ns-3-dev\build\src\internet-apps\examples\ns3.42-dhcp-example-default.exe
[1276/1504] Linking CXX executable D:\data\nar\third_party\ns-3-dev\build\src\internet-apps\examples\ns3.42-traceroute-example-default.exe
[1277/1504] Linking CXX executable D:\data\nar\third_party\ns-3-dev\build\src\internet-apps\examples\ns3.42-ping-example-default.exe
[1278/1504] Linking CXX executable D:\data\nar\third_party\ns-3-dev\build\src\lr-wpan\examples\ns3.42-lr-wpan-data-default.exe
[1279/1504] Linking CXX executable D:\data\nar\third_party\ns-3-dev\build\src\lr-wpan\examples\ns3.42-lr-wpan-packet-print-default.exe
[1280/1504] Linking CXX executable D:\data\nar\third_party\ns-3-dev\build\src\lr-wpan\examples\ns3.42-lr-wpan-mlme-default.exe
[1281/1504] Building CXX object utils/CMakeFiles/bench-packets.dir/bench-packets.cc.obj
[1282/1504] Linking CXX executable D:\data\nar\third_party\ns-3-dev\build\src\lr-wpan\examples\ns3.42-lr-wpan-ed-scan-default.exe
[1283/1504] Linking CXX executable D:\data\nar\third_party\ns-3-dev\build\src\lr-wpan\examples\ns3.42-lr-wpan-phy-test-default.exe
[1284/1504] Linking CXX executable D:\data\nar\third_party\ns-3-dev\build\src\lr-wpan\examples\ns3.42-lr-wpan-orphan-scan-default.exe
[1285/1504] Linking CXX executable D:\data\nar\third_party\ns-3-dev\build\src\lr-wpan\examples\ns3.42-lr-wpan-error-model-plot-default.exe
[1286/1504] Linking CXX executable D:\data\nar\third_party\ns-3-dev\build\src\lr-wpan\examples\ns3.42-lr-wpan-active-scan-default.exe
[1287/1504] Linking CXX executable D:\data\nar\third_party\ns-3-dev\build\src\lr-wpan\examples\ns3.42-lr-wpan-error-distance-plot-default.exe
[1288/1504] Linking CXX executable D:\data\nar\third_party\ns-3-dev\build\src\lr-wpan\examples\ns3.42-lr-wpan-per-plot-default.exe
[1289/1504] Linking CXX executable D:\data\nar\third_party\ns-3-dev\build\src\lte\examples\ns3.42-lena-cc-helper-default.exe
[1290/1504] Linking CXX executable D:\data\nar\third_party\ns-3-dev\build\src\lte\examples\ns3.42-lena-cqi-threshold-default.exe
[1291/1504] Linking CXX executable D:\data\nar\third_party\ns-3-dev\build\src\lr-wpan\examples\ns3.42-lr-wpan-bootstrap-default.exe
[1292/1504] Linking CXX executable D:\data\nar\third_party\ns-3-dev\build\src\lte\examples\ns3.42-lena-deactivate-bearer-default.exe
[1293/1504] Building CXX object examples/wireless/CMakeFiles/wifi-txop-aggregation.dir/wifi-txop-aggregation.cc.obj
[1294/1504] Linking CXX executable D:\data\nar\third_party\ns-3-dev\build\src\lte\examples\ns3.42-lena-fading-default.exe
[1295/1504] Linking CXX executable D:\data\nar\third_party\ns-3-dev\build\src\lte\examples\ns3.42-lena-distributed-ffr-default.exe
[1296/1504] Linking CXX executable D:\data\nar\third_party\ns-3-dev\build\src\lte\examples\ns3.42-lena-frequency-reuse-default.exe
[1297/1504] Linking CXX executable D:\data\nar\third_party\ns-3-dev\build\src\lte\examples\ns3.42-lena-intercell-interference-default.exe
[1298/1504] Linking CXX executable D:\data\nar\third_party\ns-3-dev\build\src\lte\examples\ns3.42-lena-dual-stripe-default.exe
[1299/1504] Linking CXX executable D:\data\nar\third_party\ns-3-dev\build\src\lte\examples\ns3.42-lena-ipv6-ue-rh-default.exe
[1300/1504] Linking CXX executable D:\data\nar\third_party\ns-3-dev\build\src\lte\examples\ns3.42-lena-ipv6-ue-ue-default.exe
[1301/1504] Linking CXX executable D:\data\nar\third_party\ns-3-dev\build\src\lte\examples\ns3.42-lena-ipv6-addr-conf-default.exe
[1302/1504] Linking CXX executable D:\data\nar\third_party\ns-3-dev\build\src\lte\examples\ns3.42-lena-profiling-default.exe
[1303/1504] Linking CXX executable D:\data\nar\third_party\ns-3-dev\build\src\lte\examples\ns3.42-lena-pathloss-traces-default.exe
[1304/1504] Linking CXX executable D:\data\nar\third_party\ns-3-dev\build\src\lte\examples\ns3.42-lena-rem-default.exe
[1305/1504] Linking CXX executable D:\data\nar\third_party\ns-3-dev\build\src\lte\examples\ns3.42-lena-rem-sector-antenna-default.exe
[1306/1504] Linking CXX executable D:\data\nar\third_party\ns-3-dev\build\src\lte\examples\ns3.42-lena-rlc-traces-default.exe
[1307/1504] Linking CXX executable D:\data\nar\third_party\ns-3-dev\build\src\lte\examples\ns3.42-lena-radio-link-failure-default.exe
[1308/1504] Linking CXX executable D:\data\nar\third_party\ns-3-dev\build\src\lte\examples\ns3.42-lena-simple-epc-backhaul-default.exe
[1309/1504] Linking CXX executable D:\data\nar\third_party\ns-3-dev\build\src\lte\examples\ns3.42-lena-simple-epc-default.exe
[1310/1504] Linking CXX executable D:\data\nar\third_party\ns-3-dev\build\src\lte\examples\ns3.42-lena-simple-default.exe
[1311/1504] Linking CXX executable D:\data\nar\third_party\ns-3-dev\build\src\lte\examples\ns3.42-lena-uplink-power-control-default.exe
[1312/1504] Linking CXX executable D:\data\nar\third_party\ns-3-dev\build\src\mobility\examples\ns3.42-bonnmotion-ns2-example-default.exe
[1313/1504] Linking CXX executable D:\data\nar\third_party\ns-3-dev\build\src\lte\examples\ns3.42-lena-x2-handover-measures-default.exe
[1314/1504] Linking CXX executable D:\data\nar\third_party\ns-3-dev\build\src\mobility\examples\ns3.42-constant-mobility-example-default.exe
[1315/1504] Linking CXX executable D:\data\nar\third_party\ns-3-dev\build\src\mobility\examples\ns3.42-main-random-walk-default.exe
[1316/1504] Linking CXX executable D:\data\nar\third_party\ns-3-dev\build\src\lte\examples\ns3.42-lena-x2-handover-default.exe
[1317/1504] Linking CXX executable D:\data\nar\third_party\ns-3-dev\build\src\mobility\examples\ns3.42-main-random-topology-default.exe
[1318/1504] Linking CXX executable D:\data\nar\third_party\ns-3-dev\build\src\mobility\examples\ns3.42-main-grid-topology-default.exe
[1319/1504] Linking CXX executable D:\data\nar\third_party\ns-3-dev\build\src\mesh\examples\ns3.42-mesh-default.exe
[1320/1504] Linking CXX executable D:\data\nar\third_party\ns-3-dev\build\src\mobility\examples\ns3.42-reference-point-group-mobility-example-default.exe
[1321/1504] Linking CXX executable D:\data\nar\third_party\ns-3-dev\build\src\mobility\examples\ns3.42-ns2-mobility-trace-default.exe
[1322/1504] Linking CXX executable D:\data\nar\third_party\ns-3-dev\build\src\mobility\examples\ns3.42-mobility-trace-example-default.exe
[1323/1504] Linking CXX executable D:\data\nar\third_party\ns-3-dev\build\src\netanim\examples\ns3.42-dumbbell-animation-default.exe
[1324/1504] Linking CXX executable D:\data\nar\third_party\ns-3-dev\build\src\netanim\examples\ns3.42-grid-animation-default.exe
[1325/1504] Linking CXX executable D:\data\nar\third_party\ns-3-dev\build\src\netanim\examples\ns3.42-star-animation-default.exe
[1326/1504] Linking CXX executable D:\data\nar\third_party\ns-3-dev\build\src\network\examples\ns3.42-bit-serializer-default.exe
[1327/1504] Linking CXX executable D:\data\nar\third_party\ns-3-dev\build\src\netanim\examples\ns3.42-colors-link-description-default.exe
[1328/1504] Linking CXX executable D:\data\nar\third_party\ns-3-dev\build\src\network\examples\ns3.42-main-packet-tag-default.exe
[1329/1504] Linking CXX executable D:\data\nar\third_party\ns-3-dev\build\src\network\examples\ns3.42-main-packet-header-default.exe
[1330/1504] Linking CXX executable D:\data\nar\third_party\ns-3-dev\build\src\network\examples\ns3.42-lollipop-comparisons-default.exe
[1331/1504] Linking CXX executable D:\data\nar\third_party\ns-3-dev\build\src\network\examples\ns3.42-packet-socket-apps-default.exe
[1332/1504] Linking CXX executable D:\data\nar\third_party\ns-3-dev\build\src\netanim\examples\ns3.42-resources-counters-default.exe
[1333/1504] Linking CXX executable D:\data\nar\third_party\ns-3-dev\build\src\netanim\examples\ns3.42-wireless-animation-default.exe
[1334/1504] Linking CXX executable D:\data\nar\third_party\ns-3-dev\build\src\nix-vector-routing\examples\ns3.42-nix-simple-multi-address-default.exe
[1335/1504] Linking CXX executable D:\data\nar\third_party\ns-3-dev\build\src\netanim\examples\ns3.42-uan-animation-default.exe
[1336/1504] Linking CXX executable D:\data\nar\third_party\ns-3-dev\build\src\nix-vector-routing\examples\ns3.42-nix-simple-default.exe
[1337/1504] Linking CXX executable D:\data\nar\third_party\ns-3-dev\build\src\nix-vector-routing\examples\ns3.42-nms-p2p-nix-default.exe
[1338/1504] Building CXX object utils/CMakeFiles/perf-io.dir/perf/perf-io.cc.obj
[1339/1504] Linking CXX executable D:\data\nar\third_party\ns-3-dev\build\src\nix-vector-routing\examples\ns3.42-nix-double-wifi-default.exe
[1340/1504] Linking CXX executable D:\data\nar\third_party\ns-3-dev\build\src\point-to-point\examples\ns3.42-main-attribute-value-default.exe
[1341/1504] Building CXX object utils/CMakeFiles/bench-scheduler.dir/bench-scheduler.cc.obj
[1342/1504] Linking CXX executable D:\data\nar\third_party\ns-3-dev\build\src\olsr\examples\ns3.42-simple-point-to-point-olsr-default.exe
[1343/1504] Linking CXX executable D:\data\nar\third_party\ns-3-dev\build\src\propagation\examples\ns3.42-jakes-propagation-model-example-default.exe
[1344/1504] Linking CXX executable D:\data\nar\third_party\ns-3-dev\build\src\propagation\examples\ns3.42-main-propagation-loss-default.exe
[1345/1504] Linking CXX executable D:\data\nar\third_party\ns-3-dev\build\src\sixlowpan\examples\ns3.42-example-sixlowpan-default.exe
[1346/1504] Linking CXX executable D:\data\nar\third_party\ns-3-dev\build\src\sixlowpan\examples\ns3.42-example-ping-lr-wpan-default.exe
[1347/1504] Linking CXX executable D:\data\nar\third_party\ns-3-dev\build\src\olsr\examples\ns3.42-olsr-hna-default.exe
[1348/1504] Linking CXX executable D:\data\nar\third_party\ns-3-dev\build\src\sixlowpan\examples\ns3.42-example-ping-lr-wpan-beacon-default.exe
[1349/1504] Linking CXX executable D:\data\nar\third_party\ns-3-dev\build\src\sixlowpan\examples\ns3.42-example-ping-lr-wpan-mesh-under-default.exe
[1350/1504] Linking CXX executable D:\data\nar\third_party\ns-3-dev\build\src\spectrum\examples\ns3.42-tv-trans-example-default.exe
[1351/1504] Linking CXX executable D:\data\nar\third_party\ns-3-dev\build\src\spectrum\examples\ns3.42-adhoc-aloha-ideal-phy-default.exe
[1352/1504] Linking CXX executable D:\data\nar\third_party\ns-3-dev\build\src\spectrum\examples\ns3.42-adhoc-aloha-ideal-phy-matrix-propagation-loss-model-default.exe
[1353/1504] Linking CXX executable D:\data\nar\third_party\ns-3-dev\build\src\spectrum\examples\ns3.42-adhoc-aloha-ideal-phy-with-microwave-oven-default.exe
[1354/1504] Linking CXX executable D:\data\nar\third_party\ns-3-dev\build\src\spectrum\examples\ns3.42-tv-trans-regional-example-default.exe
[1355/1504] Linking CXX executable D:\data\nar\third_party\ns-3-dev\build\src\spectrum\examples\ns3.42-three-gpp-channel-example-default.exe
[1356/1504] Linking CXX executable D:\data\nar\third_party\ns-3-dev\build\src\stats\examples\ns3.42-gnuplot-example-default.exe
[1357/1504] Linking CXX executable D:\data\nar\third_party\ns-3-dev\build\src\spectrum\examples\ns3.42-three-gpp-two-ray-channel-calibration-default.exe
[1358/1504] Linking CXX executable D:\data\nar\third_party\ns-3-dev\build\src\stats\examples\ns3.42-time-probe-example-default.exe
[1359/1504] Linking CXX executable D:\data\nar\third_party\ns-3-dev\build\src\spectrum\examples\ns3.42-three-gpp-ntn-channel-example-default.exe
[1360/1504] Linking CXX executable D:\data\nar\third_party\ns-3-dev\build\src\stats\examples\ns3.42-double-probe-example-default.exe
[1361/1504] Linking CXX executable D:\data\nar\third_party\ns-3-dev\build\src\stats\examples\ns3.42-gnuplot-aggregator-example-default.exe
[1362/1504] Linking CXX executable D:\data\nar\third_party\ns-3-dev\build\src\stats\examples\ns3.42-file-aggregator-example-default.exe
[1363/1504] Linking CXX executable D:\data\nar\third_party\ns-3-dev\build\src\stats\examples\ns3.42-gnuplot-helper-example-default.exe
[1364/1504] Linking CXX executable D:\data\nar\third_party\ns-3-dev\build\src\stats\examples\ns3.42-file-helper-example-default.exe
[1365/1504] Linking CXX executable D:\data\nar\third_party\ns-3-dev\build\src\topology-read\examples\ns3.42-topology-example-sim-default.exe
[1366/1504] Linking CXX executable D:\data\nar\third_party\ns-3-dev\build\src\traffic-control\examples\ns3.42-red-vs-ared-default.exe
[1367/1504] Linking CXX executable D:\data\nar\third_party\ns-3-dev\build\src\traffic-control\examples\ns3.42-red-tests-default.exe
[1368/1504] Linking CXX executable D:\data\nar\third_party\ns-3-dev\build\src\traffic-control\examples\ns3.42-pfifo-vs-red-default.exe
[1369/1504] Linking CXX executable D:\data\nar\third_party\ns-3-dev\build\src\traffic-control\examples\ns3.42-adaptive-red-tests-default.exe
[1370/1504] Linking CXX executable D:\data\nar\third_party\ns-3-dev\build\src\traffic-control\examples\ns3.42-codel-vs-pfifo-asymmetric-default.exe
[1371/1504] Linking CXX executable D:\data\nar\third_party\ns-3-dev\build\src\traffic-control\examples\ns3.42-codel-vs-pfifo-basic-test-default.exe
[1372/1504] Linking CXX executable D:\data\nar\third_party\ns-3-dev\build\src\uan\examples\ns3.42-uan-cw-example-default.exe
[1373/1504] Linking CXX executable D:\data\nar\third_party\ns-3-dev\build\src\traffic-control\examples\ns3.42-pie-example-default.exe
[1374/1504] Linking CXX executable D:\data\nar\third_party\ns-3-dev\build\src\uan\examples\ns3.42-uan-ipv4-example-default.exe
[1375/1504] Linking CXX executable D:\data\nar\third_party\ns-3-dev\build\src\uan\examples\ns3.42-uan-rc-example-default.exe
[1376/1504] Linking CXX executable D:\data\nar\third_party\ns-3-dev\build\src\uan\examples\ns3.42-uan-ipv6-example-default.exe
[1377/1504] Linking CXX executable D:\data\nar\third_party\ns-3-dev\build\src\traffic-control\examples\ns3.42-fqcodel-l4s-example-default.exe
[1378/1504] Linking CXX executable D:\data\nar\third_party\ns-3-dev\build\src\uan\examples\ns3.42-uan-raw-example-default.exe
[1379/1504] Linking CXX executable D:\data\nar\third_party\ns-3-dev\build\src\uan\examples\ns3.42-uan-6lowpan-example-default.exe
[1380/1504] Linking CXX executable D:\data\nar\third_party\ns-3-dev\build\src\virtual-net-device\examples\ns3.42-virtual-net-device-example-default.exe
[1381/1504] Linking CXX executable D:\data\nar\third_party\ns-3-dev\build\src\wifi\examples\ns3.42-wifi-phy-test-default.exe
[1382/1504] Linking CXX executable D:\data\nar\third_party\ns-3-dev\build\src\wifi\examples\ns3.42-wifi-test-interference-helper-default.exe
[1383/1504] Linking CXX executable D:\data\nar\third_party\ns-3-dev\build\src\wifi\examples\ns3.42-wifi-phy-configuration-default.exe
[1384/1504] Linking CXX executable D:\data\nar\third_party\ns-3-dev\build\src\wifi\examples\ns3.42-wifi-manager-example-default.exe
[1385/1504] Linking CXX executable D:\data\nar\third_party\ns-3-dev\build\src\wifi\examples\ns3.42-wifi-trans-example-default.exe
[1386/1504] Linking CXX executable D:\data\nar\third_party\ns-3-dev\build\src\wimax\examples\ns3.42-wimax-ipv4-default.exe
[1387/1504] Linking CXX executable D:\data\nar\third_party\ns-3-dev\build\src\wifi\examples\ns3.42-wifi-phy-rx-trace-example-default.exe
[1388/1504] Linking CXX executable D:\data\nar\third_party\ns-3-dev\build\src\wimax\examples\ns3.42-wimax-simple-default.exe
[1389/1504] Linking CXX executable D:\data\nar\third_party\ns-3-dev\build\src\wifi\examples\ns3.42-wifi-bianchi-default.exe
[1390/1504] Linking CXX executable D:\data\nar\third_party\ns-3-dev\build\src\wimax\examples\ns3.42-wimax-multicast-default.exe
[1391/1504] Linking CXX executable D:\data\nar\third_party\ns-3-dev\build\examples\channel-models\ns3.42-three-gpp-v2v-channel-example-default.exe
[1392/1504] Linking CXX executable D:\data\nar\third_party\ns-3-dev\build\examples\ipv6\ns3.42-fragmentation-ipv6-default.exe
[1393/1504] Linking CXX executable D:\data\nar\third_party\ns-3-dev\build\examples\error-model\ns3.42-simple-error-model-default.exe
[1394/1504] Linking CXX executable D:\data\nar\third_party\ns-3-dev\build\examples\ipv6\ns3.42-fragmentation-ipv6-two-MTU-default.exe
[1395/1504] Linking CXX executable D:\data\nar\third_party\ns-3-dev\build\examples\energy\ns3.42-energy-model-example-default.exe
[1396/1504] Linking CXX executable D:\data\nar\third_party\ns-3-dev\build\examples\energy\ns3.42-energy-model-with-harvesting-example-default.exe
[1397/1504] Linking CXX executable D:\data\nar\third_party\ns-3-dev\build\examples\ipv6\ns3.42-loose-routing-ipv6-default.exe
[1398/1504] Linking CXX executable D:\data\nar\third_party\ns-3-dev\build\examples\ipv6\ns3.42-icmpv6-redirect-default.exe
[1399/1504] Linking CXX executable D:\data\nar\third_party\ns-3-dev\build\examples\ipv6\ns3.42-ping6-example-default.exe
[1400/1504] Linking CXX executable D:\data\nar\third_party\ns-3-dev\build\examples\ipv6\ns3.42-radvd-one-prefix-default.exe
[1401/1504] Linking CXX executable D:\data\nar\third_party\ns-3-dev\build\examples\ipv6\ns3.42-radvd-two-prefix-default.exe
[1402/1504] Linking CXX executable D:\data\nar\third_party\ns-3-dev\build\examples\ipv6\ns3.42-test-ipv6-default.exe
[1403/1504] Linking CXX executable D:\data\nar\third_party\ns-3-dev\build\examples\ipv6\ns3.42-wsn-ping6-default.exe
[1404/1504] Linking CXX executable D:\data\nar\third_party\ns-3-dev\build\examples\realtime\ns3.42-realtime-udp-echo-default.exe
[1405/1504] Linking CXX executable D:\data\nar\third_party\ns-3-dev\build\examples\ipv6\ns3.42-fragmentation-ipv6-PMTU-default.exe
[1406/1504] Linking CXX executable D:\data\nar\third_party\ns-3-dev\build\examples\naming\ns3.42-object-names-default.exe
[1407/1504] Linking CXX executable D:\data\nar\third_party\ns-3-dev\build\examples\routing\ns3.42-dynamic-global-routing-default.exe
[1408/1504] Linking CXX executable D:\data\nar\third_party\ns-3-dev\build\examples\routing\ns3.42-global-routing-slash32-default.exe
[1409/1504] Linking CXX executable D:\data\nar\third_party\ns-3-dev\build\examples\routing\ns3.42-global-injection-slash32-default.exe
[1410/1504] Linking CXX executable D:\data\nar\third_party\ns-3-dev\build\examples\routing\ns3.42-simple-alternate-routing-default.exe
[1411/1504] Linking CXX executable D:\data\nar\third_party\ns-3-dev\build\examples\routing\ns3.42-mixed-global-routing-default.exe
[1412/1504] Linking CXX executable D:\data\nar\third_party\ns-3-dev\build\examples\routing\ns3.42-simple-global-routing-default.exe
[1413/1504] Linking CXX executable D:\data\nar\third_party\ns-3-dev\build\examples\matrix-topology\ns3.42-matrix-topology-default.exe
[1414/1504] Linking CXX executable D:\data\nar\third_party\ns-3-dev\build\examples\routing\ns3.42-static-routing-slash32-default.exe
[1415/1504] Linking CXX executable D:\data\nar\third_party\ns-3-dev\build\examples\routing\ns3.42-rip-simple-network-default.exe
[1416/1504] Linking CXX executable D:\data\nar\third_party\ns-3-dev\build\examples\routing\ns3.42-simple-routing-ping6-default.exe
[1417/1504] Linking CXX executable D:\data\nar\third_party\ns-3-dev\build\examples\routing\ns3.42-ripng-simple-network-default.exe
[1418/1504] Linking CXX executable D:\data\nar\third_party\ns-3-dev\build\examples\routing\ns3.42-manet-routing-compare-default.exe
[1419/1504] Linking CXX executable D:\data\nar\third_party\ns-3-dev\build\examples\routing\ns3.42-global-routing-multi-switch-plus-router-default.exe
[1420/1504] Linking CXX executable D:\data\nar\third_party\ns-3-dev\build\examples\routing\ns3.42-simple-multicast-flooding-default.exe
[1421/1504] Linking CXX executable D:\data\nar\third_party\ns-3-dev\build\examples\socket\ns3.42-socket-options-ipv4-default.exe
[1422/1504] Linking CXX executable D:\data\nar\third_party\ns-3-dev\build\examples\socket\ns3.42-socket-bound-static-routing-default.exe
[1423/1504] Linking CXX executable D:\data\nar\third_party\ns-3-dev\build\examples\socket\ns3.42-socket-bound-tcp-static-routing-default.exe
[1424/1504] Linking CXX executable D:\data\nar\third_party\ns-3-dev\build\examples\tcp\ns3.42-tcp-large-transfer-default.exe
[1425/1504] Linking CXX executable D:\data\nar\third_party\ns-3-dev\build\examples\socket\ns3.42-socket-options-ipv6-default.exe
[1426/1504] Linking CXX executable D:\data\nar\third_party\ns-3-dev\build\examples\tcp\ns3.42-tcp-pcap-nanosec-example-default.exe
[1427/1504] Linking CXX executable D:\data\nar\third_party\ns-3-dev\build\examples\stats\ns3.42-wifi-example-sim-default.exe
[1428/1504] Linking CXX executable D:\data\nar\third_party\ns-3-dev\build\examples\tcp\ns3.42-star-default.exe
[1429/1504] Linking CXX executable D:\data\nar\third_party\ns-3-dev\build\examples\tcp\ns3.42-tcp-bulk-send-default.exe
[1430/1504] Linking CXX executable D:\data\nar\third_party\ns-3-dev\build\examples\tcp\ns3.42-tcp-bbr-example-default.exe
[1431/1504] Linking CXX executable D:\data\nar\third_party\ns-3-dev\build\examples\tcp\ns3.42-tcp-star-server-default.exe
[1432/1504] Linking CXX executable D:\data\nar\third_party\ns-3-dev\build\examples\tcp\ns3.42-tcp-linux-reno-default.exe
[1433/1504] Building CXX object utils/CMakeFiles/print-introspected-doxygen.dir/print-introspected-doxygen.cc.obj
[1434/1504] Linking CXX executable D:\data\nar\third_party\ns-3-dev\build\examples\tcp\ns3.42-tcp-variants-comparison-default.exe
[1435/1504] Linking CXX executable D:\data\nar\third_party\ns-3-dev\build\examples\tcp\ns3.42-dctcp-example-default.exe
[1436/1504] Linking CXX executable D:\data\nar\third_party\ns-3-dev\build\examples\tcp\ns3.42-tcp-pacing-default.exe
[1437/1504] Linking CXX executable D:\data\nar\third_party\ns-3-dev\build\examples\traffic-control\ns3.42-traffic-control-default.exe
[1438/1504] Linking CXX executable D:\data\nar\third_party\ns-3-dev\build\examples\tcp\ns3.42-tcp-validation-default.exe
[1439/1504] Linking CXX executable D:\data\nar\third_party\ns-3-dev\build\examples\traffic-control\ns3.42-red-vs-fengadaptive-default.exe
[1440/1504] Linking CXX executable D:\data\nar\third_party\ns-3-dev\build\examples\traffic-control\ns3.42-queue-discs-benchmark-default.exe
[1441/1504] Building CXX object examples/wireless/CMakeFiles/wifi-eht-network.dir/wifi-eht-network.cc.obj
[1442/1504] Linking CXX executable D:\data\nar\third_party\ns-3-dev\build\examples\traffic-control\ns3.42-red-vs-nlred-default.exe
[1443/1504] Linking CXX executable D:\data\nar\third_party\ns-3-dev\build\examples\tutorial\ns3.42-hello-simulator-default.exe
[1444/1504] Linking CXX executable D:\data\nar\third_party\ns-3-dev\build\examples\traffic-control\ns3.42-tbf-example-default.exe
[1445/1504] Linking CXX executable D:\data\nar\third_party\ns-3-dev\build\examples\traffic-control\ns3.42-cobalt-vs-codel-default.exe
[1446/1504] Linking CXX executable D:\data\nar\third_party\ns-3-dev\build\examples\tutorial\ns3.42-first-default.exe
[1447/1504] Linking CXX executable D:\data\nar\third_party\ns-3-dev\build\examples\tutorial\ns3.42-second-default.exe
[1448/1504] Linking CXX executable D:\data\nar\third_party\ns-3-dev\build\examples\tutorial\ns3.42-fourth-default.exe
[1449/1504] Linking CXX executable D:\data\nar\third_party\ns-3-dev\build\examples\tutorial\ns3.42-third-default.exe
[1450/1504] Linking CXX executable D:\data\nar\third_party\ns-3-dev\build\examples\tutorial\ns3.42-seventh-default.exe
[1451/1504] Linking CXX executable D:\data\nar\third_party\ns-3-dev\build\examples\tutorial\ns3.42-sixth-default.exe
[1452/1504] Linking CXX executable D:\data\nar\third_party\ns-3-dev\build\examples\udp-client-server\ns3.42-udp-client-server-default.exe
[1453/1504] Linking CXX executable D:\data\nar\third_party\ns-3-dev\build\examples\udp-client-server\ns3.42-udp-trace-client-server-default.exe
[1454/1504] Linking CXX executable D:\data\nar\third_party\ns-3-dev\build\examples\wireless\ns3.42-wifi-80211e-txop-default.exe
[1455/1504] Linking CXX executable D:\data\nar\third_party\ns-3-dev\build\examples\udp\ns3.42-udp-echo-default.exe
[1456/1504] Linking CXX executable D:\data\nar\third_party\ns-3-dev\build\examples\tutorial\ns3.42-fifth-default.exe
[1457/1504] Linking CXX executable D:\data\nar\third_party\ns-3-dev\build\examples\wireless\ns3.42-wifi-adhoc-default.exe
[1458/1504] Linking CXX executable D:\data\nar\third_party\ns-3-dev\build\examples\wireless\ns3.42-mixed-wired-wireless-default.exe
[1459/1504] Linking CXX executable D:\data\nar\third_party\ns-3-dev\build\examples\wireless\ns3.42-wifi-aggregation-default.exe
[1460/1504] Linking CXX executable D:\data\nar\third_party\ns-3-dev\build\examples\wireless\ns3.42-wifi-80211n-mimo-default.exe
[1461/1504] Linking CXX executable D:\data\nar\third_party\ns-3-dev\build\examples\wireless\ns3.42-wifi-ap-default.exe
[1462/1504] Linking CXX executable D:\data\nar\third_party\ns-3-dev\build\examples\wireless\ns3.42-wifi-blockack-default.exe
[1463/1504] Linking CXX executable D:\data\nar\third_party\ns-3-dev\build\examples\wireless\ns3.42-wifi-clear-channel-cmu-default.exe
[1464/1504] Linking CXX executable D:\data\nar\third_party\ns-3-dev\build\examples\wireless\ns3.42-wifi-backward-compatibility-default.exe
[1465/1504] Linking CXX executable D:\data\nar\third_party\ns-3-dev\build\examples\wireless\ns3.42-wifi-hidden-terminal-default.exe
[1466/1504] Linking CXX executable D:\data\nar\third_party\ns-3-dev\build\examples\wireless\ns3.42-wifi-dsss-validation-default.exe
[1467/1504] Linking CXX executable D:\data\nar\third_party\ns-3-dev\build\examples\wireless\ns3.42-wifi-ofdm-he-validation-default.exe
[1468/1504] Linking CXX executable D:\data\nar\third_party\ns-3-dev\build\examples\wireless\ns3.42-wifi-he-network-default.exe
[1469/1504] Linking CXX executable D:\data\nar\third_party\ns-3-dev\build\examples\wireless\ns3.42-wifi-ofdm-ht-validation-default.exe
[1470/1504] Linking CXX executable D:\data\nar\third_party\ns-3-dev\build\examples\wireless\ns3.42-wifi-ofdm-validation-default.exe
[1471/1504] Linking CXX executable D:\data\nar\third_party\ns-3-dev\build\examples\wireless\ns3.42-wifi-multi-tos-default.exe
[1472/1504] Linking CXX executable D:\data\nar\third_party\ns-3-dev\build\examples\wireless\ns3.42-wifi-mixed-network-default.exe
[1473/1504] Linking CXX executable D:\data\nar\third_party\ns-3-dev\build\examples\wireless\ns3.42-wifi-ofdm-vht-validation-default.exe
[1474/1504] Linking CXX executable D:\data\nar\third_party\ns-3-dev\build\examples\wireless\ns3.42-wifi-ht-network-default.exe
[1475/1504] Linking CXX executable D:\data\nar\third_party\ns-3-dev\build\examples\wireless\ns3.42-wifi-multirate-default.exe
[1476/1504] Linking CXX executable D:\data\nar\third_party\ns-3-dev\build\examples\wireless\ns3.42-wifi-error-models-comparison-default.exe
[1477/1504] Linking CXX executable D:\data\nar\third_party\ns-3-dev\build\examples\wireless\ns3.42-wifi-simple-adhoc-default.exe
[1478/1504] Linking CXX executable D:\data\nar\third_party\ns-3-dev\build\examples\wireless\ns3.42-wifi-power-adaptation-distance-default.exe
[1479/1504] Linking CXX executable D:\data\nar\third_party\ns-3-dev\build\examples\wireless\ns3.42-wifi-power-adaptation-interference-default.exe
[1480/1504] Linking CXX executable D:\data\nar\third_party\ns-3-dev\build\examples\wireless\ns3.42-wifi-rate-adaptation-distance-default.exe
[1481/1504] Linking CXX executable D:\data\nar\third_party\ns-3-dev\build\examples\wireless\ns3.42-wifi-simple-adhoc-grid-default.exe
[1482/1504] Linking CXX executable D:\data\nar\third_party\ns-3-dev\build\examples\wireless\ns3.42-wifi-simple-ht-hidden-stations-default.exe
[1483/1504] Linking CXX executable D:\data\nar\third_party\ns-3-dev\build\examples\wireless\ns3.42-wifi-simple-infra-default.exe
[1484/1504] Linking CXX executable D:\data\nar\third_party\ns-3-dev\build\examples\wireless\ns3.42-wifi-simple-interference-default.exe
[1485/1504] Linking CXX executable D:\data\nar\third_party\ns-3-dev\build\examples\wireless\ns3.42-wifi-sleep-default.exe
[1486/1504] Linking CXX executable D:\data\nar\third_party\ns-3-dev\build\examples\wireless\ns3.42-wifi-spectrum-per-example-default.exe
[1487/1504] Linking CXX executable D:\data\nar\third_party\ns-3-dev\build\examples\wireless\ns3.42-wifi-spectrum-per-interference-default.exe
[1488/1504] Linking CXX executable D:\data\nar\third_party\ns-3-dev\build\examples\wireless\ns3.42-wifi-spatial-reuse-default.exe
[1489/1504] Linking CXX executable D:\data\nar\third_party\ns-3-dev\build\examples\wireless\ns3.42-wifi-tcp-default.exe
[1490/1504] Linking CXX executable D:\data\nar\third_party\ns-3-dev\build\examples\wireless\ns3.42-wifi-wired-bridging-default.exe
[1491/1504] Linking CXX executable D:\data\nar\third_party\ns-3-dev\build\examples\wireless\ns3.42-wifi-timing-attributes-default.exe
[1492/1504] Linking CXX executable D:\data\nar\third_party\ns-3-dev\build\examples\wireless\ns3.42-wifi-spectrum-saturation-example-default.exe
[1493/1504] Linking CXX executable D:\data\nar\third_party\ns-3-dev\build\examples\wireless\ns3.42-wifi-txop-aggregation-default.exe
[1494/1504] Linking CXX executable D:\data\nar\third_party\ns-3-dev\build\examples\wireless\ns3.42-wifi-ofdm-eht-validation-default.exe
[1495/1504] Linking CXX executable D:\data\nar\third_party\ns-3-dev\build\examples\wireless\ns3.42-wifi-vht-network-default.exe
[1496/1504] Linking CXX executable D:\data\nar\third_party\ns-3-dev\build\utils\ns3.42-bench-scheduler-default.exe
[1497/1504] Linking CXX executable D:\data\nar\third_party\ns-3-dev\build\scratch\nested-subdir\ns3.42-scratch-nested-subdir-executable-default.exe
[1498/1504] Linking CXX executable D:\data\nar\third_party\ns-3-dev\build\scratch\ns3.42-scratch-simulator-default.exe
[1499/1504] Linking CXX executable D:\data\nar\third_party\ns-3-dev\build\examples\wireless\ns3.42-wifi-eht-network-default.exe
[1500/1504] Linking CXX executable D:\data\nar\third_party\ns-3-dev\build\utils\ns3.42-bench-packets-default.exe
[1501/1504] Linking CXX executable D:\data\nar\third_party\ns-3-dev\build\utils\perf\ns3.42-perf-io-default.exe
[1502/1504] Linking CXX executable D:\data\nar\third_party\ns-3-dev\build\scratch\subdir\ns3.42-scratch-subdir-default.exe
[1503/1504] Linking CXX executable D:\data\nar\third_party\ns-3-dev\build\utils\ns3.42-print-introspected-doxygen-default.exe
Finished executing the following commands:
C:\Users\crisc\AppData\Local\Microsoft\WinGet\Packages\BrechtSanders.WinLibs.POSIX.UCRT_Microsoft.Winget.Source_8wekyb3d8bbwe\mingw64\bin\cmake --build D:\data\nar\third_party\ns-3-dev\cmake-cache -j 19
Topic dir: D:\data\nar\topics\cc
ns-3 path: D:\data\nar\third_party\ns-3-dev
Baseline already exists: D:\data\nar\topics\cc\infra\baselines\cubic_baseline.json
Setup complete.
